,Time (year),Core mass (Earth mass),Core Luminosity (Ljup=3.35e25 cgs),Total Luminosity (Ljup=3.35e25 cgs),Pressure at envelope core boundary (bar),Temperature at envelope core boundary (K),Radiogenic core luminosity (Ljup=3.35e25 cgs),Mdotevap (Earth mass/yr) envelope evaporation rate,Semi-major axis (AU),Menve(Mearth),Current envelope mass / initial envelope mass,"Water state on core-enve boundary 0=solid, 1=liquid, 2 = vapour, 3=supercritical, 4 = other (high press. ices, temp > 800 K)",Duration of liquid water presence [yr],Texo (K),Radius
0,20000000.0,3.0,0.029622523,0.029622523,101.74332,1011.9268,0.0,0.0,2.0,0.0001,1.0,4.0,0.0,0.0,1.4345241
1,20010000.0,3.0,0.029530279,0.029530279,101.7463,1011.5629,0.0014680192,7.9267867e-13,2.0,9.9992073e-05,0.99992073,4.0,0.0,2000.0,1.4345011
2,20021000.0,3.0,0.029488249,0.029488249,101.71118,1011.3208,0.0014680112,7.9265031e-13,2.0,9.9983354e-05,0.99983354,4.0,0.0,2000.0,1.4344781
3,20033100.0,3.0,0.029380415,0.029380415,101.72953,1010.9335,0.0014680023,7.9258648e-13,2.0,9.9973764e-05,0.99973764,4.0,0.0,2000.0,1.4344553
4,20046410.0,3.0,0.02928454,0.02928454,101.73883,1010.5766,0.0014679926,7.9253168e-13,2.0,9.9963215e-05,0.99963215,4.0,0.0,2000.0,1.4344327
5,20061051.0,3.0,0.029253724,0.029253724,101.68825,1010.3549,0.0014679819,7.9248999e-13,2.0,9.9951612e-05,0.99951612,4.0,0.0,2000.0,1.4344103
6,20077156.0,3.0,0.029134202,0.029134202,101.71128,1009.9323,0.0014679701,7.9243307e-13,2.0,9.993885e-05,0.9993885,4.0,0.0,2000.0,1.4343878
7,20094872.0,3.0,0.029176899,0.029176899,101.71241,1010.2242,0.0014679571,7.9242175e-13,2.0,9.9924812e-05,0.99924812,4.0,0.0,2000.0,1.4344148
8,20114359.0,3.0,0.029140992,0.029140992,101.64313,1009.946,0.0014679429,7.9247778e-13,2.0,9.9909369e-05,0.99909369,4.0,0.0,2000.0,1.4343921
9,20135795.0,3.0,0.029106898,0.029106898,101.63877,1009.873,0.0014679272,7.9243184e-13,2.0,9.9892382e-05,0.99892382,4.0,0.0,2000.0,1.4343933
10,20159374.0,3.0,0.029057772,0.029057772,101.63834,1009.7477,0.0014679099,7.9243935e-13,2.0,9.9873697e-05,0.99873697,4.0,0.0,2000.0,1.4343938
11,20185312.0,3.0,0.029015266,0.029015266,101.62377,1009.6222,0.0014678909,7.9244726e-13,2.0,9.9853143e-05,0.99853143,4.0,0.0,2000.0,1.4343925
12,20213843.0,3.0,0.028967915,0.028967915,101.60625,1009.4749,0.0014678701,7.924499e-13,2.0,9.9830533e-05,0.99830533,4.0,0.0,2000.0,1.4343901
13,20245227.0,3.0,0.028890891,0.028890891,101.54724,1009.0723,0.0014678471,7.9245739e-13,2.0,9.9805663e-05,0.99805663,4.0,0.0,2000.0,1.4343621
14,20279750.0,3.0,0.028781015,0.028781015,101.57492,1008.7677,0.0014678218,7.9241227e-13,2.0,9.9778306e-05,0.99778306,4.0,0.0,2000.0,1.434357
15,20317725.0,3.0,0.028705192,0.028705192,101.50048,1008.3451,0.001467794,7.9239935e-13,2.0,9.9748215e-05,0.99748215,4.0,0.0,2000.0,1.4343264
16,20359497.0,3.0,0.028555788,0.028555788,101.48879,1007.7445,0.0014677635,7.9234982e-13,2.0,9.9715117e-05,0.99715117,4.0,0.0,2000.0,1.434295
17,20405447.0,3.0,0.028420707,0.028420707,101.46199,1007.1787,0.0014677299,7.9228171e-13,2.0,9.9678712e-05,0.99678712,4.0,0.0,2000.0,1.4342639
18,20455992.0,3.0,0.028284544,0.028284544,101.42725,1006.5958,0.0014676929,7.9224103e-13,2.0,9.9638668e-05,0.99638668,4.0,0.0,2000.0,1.4342328
19,20511591.0,3.0,0.028134394,0.028134394,101.39463,1005.961,0.0014676522,7.9217756e-13,2.0,9.9594624e-05,0.99594624,4.0,0.0,2000.0,1.4342011
20,20572750.0,3.0,0.027985688,0.027985688,101.353,1005.3188,0.0014676075,7.9214102e-13,2.0,9.9546177e-05,0.99546177,4.0,0.0,2000.0,1.4341696
21,20640025.0,3.0,0.027842148,0.027842148,101.29595,1004.67,0.0014675582,7.9209537e-13,2.0,9.9492889e-05,0.99492889,4.0,0.0,2000.0,1.4341375
22,20714027.0,3.0,0.027685189,0.027685189,101.2401,1003.9639,0.0014675041,7.920644e-13,2.0,9.9434274e-05,0.99434274,4.0,0.0,2000.0,1.4341045
23,20795430.0,3.0,0.0275105,0.0275105,101.18846,1003.188,0.0014674446,7.9201415e-13,2.0,9.9369802e-05,0.99369802,4.0,0.0,2000.0,1.4340705
24,20884973.0,3.0,0.027308037,0.027308037,101.14317,1002.3066,0.0014673791,7.9197536e-13,2.0,9.9298886e-05,0.99298886,4.0,0.0,2000.0,1.4340354
25,20983471.0,3.0,0.027101175,0.027101175,101.02694,1001.2069,0.001467307,7.9195411e-13,2.0,9.9220881e-05,0.99220881,4.0,0.0,2000.0,1.4339747
26,21091818.0,3.0,0.026839541,0.026839541,100.95417,999.93175,0.0014672278,7.9178708e-13,2.0,9.9135093e-05,0.99135093,4.0,0.0,2000.0,1.433913
27,21210999.0,3.0,0.026573258,0.026573258,100.86644,998.60516,0.0014671406,7.9141916e-13,2.0,9.904077e-05,0.9904077,4.0,0.0,2000.0,1.4338511
28,21342099.0,3.0,0.026276864,0.026276864,100.78795,997.14286,0.0014670447,7.9102953e-13,2.0,9.8937066e-05,0.98937066,4.0,0.0,2000.0,1.4337889
29,21486309.0,3.0,0.025958414,0.025958414,100.71249,995.56383,0.0014669393,7.9063571e-13,2.0,9.8823049e-05,0.98823049,4.0,0.0,2000.0,1.4337267
30,21644049.0,3.0,0.025658276,0.025658276,100.59216,993.97902,0.0014668239,7.9022486e-13,2.0,9.8698399e-05,0.98698399,4.0,0.0,2000.0,1.4336648
31,21801788.0,3.0,0.025343635,0.025343635,100.49156,992.31721,0.0014667086,7.8982778e-13,2.0,9.8573812e-05,0.98573812,4.0,0.0,2000.0,1.4336043
32,21959527.0,3.0,0.025044318,0.025044318,100.38233,990.67801,0.0014665933,7.89447e-13,2.0,9.8449285e-05,0.98449285,4.0,0.0,2000.0,1.4335453
33,22117267.0,3.0,0.024742135,0.024742135,100.27887,988.99424,0.001466478,7.8906332e-13,2.0,9.8324819e-05,0.98324819,4.0,0.0,2000.0,1.4334877
34,22275006.0,3.0,0.024484265,0.024484265,100.14059,987.44243,0.0014663627,7.8871066e-13,2.0,9.8200408e-05,0.98200408,4.0,0.0,2000.0,1.4334316
35,22432745.0,3.0,0.024198035,0.024198035,100.0426,985.77405,0.0014662474,7.8834252e-13,2.0,9.8076056e-05,0.98076056,4.0,0.0,2000.0,1.4333766
36,22590485.0,3.0,0.023926716,0.023926716,99.94834,984.15263,0.0014661321,7.8774646e-13,2.0,9.7951797e-05,0.97951797,4.0,0.0,2000.0,1.4333228
37,22748224.0,3.0,0.02370514,0.02370514,99.803274,982.68704,0.0014660169,7.8717432e-13,2.0,9.7827629e-05,0.97827629,4.0,0.0,2000.0,1.43327
38,22905963.0,3.0,0.023435529,0.023435529,99.719458,981.01484,0.0014659016,7.8658008e-13,2.0,9.7703554e-05,0.97703554,4.0,0.0,2000.0,1.433218
39,23063703.0,3.0,0.023200359,0.023200359,99.613541,979.47311,0.0014657863,7.8599495e-13,2.0,9.7579572e-05,0.97579572,4.0,0.0,2000.0,1.4331668
40,23221442.0,3.0,0.0230036,0.0230036,99.453524,978.04112,0.0014656711,7.854492e-13,2.0,9.7455676e-05,0.97455676,4.0,0.0,2000.0,1.4331163
41,23379181.0,3.0,0.022759129,0.022759129,99.353913,976.39907,0.0014655559,7.8488547e-13,2.0,9.7331868e-05,0.97331868,4.0,0.0,2000.0,1.4330664
42,23536921.0,3.0,0.022487386,0.022487386,99.231396,974.45415,0.0014654407,7.8432288e-13,2.0,9.720815e-05,0.9720815,4.0,0.0,2000.0,1.4329924
43,23694660.0,3.0,0.022228902,0.022228902,99.150614,972.70961,0.0014653254,7.8374953e-13,2.0,9.7084522e-05,0.97084522,4.0,0.0,2000.0,1.4329438
44,23852399.0,3.0,0.021974768,0.021974768,99.02968,970.84986,0.0014652102,7.8322341e-13,2.0,9.6960976e-05,0.96960976,4.0,0.0,2000.0,1.4328835
45,24010139.0,3.0,0.021678476,0.021678476,98.921256,968.67355,0.001465095,7.8275273e-13,2.0,9.6837505e-05,0.96837505,4.0,0.0,2000.0,1.4328114
46,24167878.0,3.0,0.021355975,0.021355975,98.836217,966.32747,0.0014649799,7.8229321e-13,2.0,9.6714107e-05,0.96714107,4.0,0.0,2000.0,1.4327398
47,24325617.0,3.0,0.021105864,0.021105864,98.719792,964.43679,0.0014648647,7.8185241e-13,2.0,9.6590778e-05,0.96590778,4.0,0.0,2000.0,1.4326931
48,24483357.0,3.0,0.020767679,0.020767679,98.593189,961.72765,0.0014647495,7.8144987e-13,2.0,9.6467513e-05,0.96467513,4.0,0.0,2000.0,1.4325976
49,24641096.0,3.0,0.020433584,0.020433584,98.494147,959.03592,0.0014646344,7.8094879e-13,2.0,9.6344326e-05,0.96344326,4.0,0.0,2000.0,1.4325023
50,24798835.0,3.0,0.020202543,0.020202543,98.402126,957.16573,0.0014645192,7.8046867e-13,2.0,9.6221216e-05,0.96221216,4.0,0.0,2000.0,1.4324564
51,24956575.0,3.0,0.019862171,0.019862171,98.286151,954.17602,0.0014644041,7.8003684e-13,2.0,9.6098173e-05,0.96098173,4.0,0.0,2000.0,1.4323369
52,25114314.0,3.0,0.019677856,0.019677856,98.189019,952.56373,0.001464289,7.7947138e-13,2.0,9.597522e-05,0.9597522,4.0,0.0,2000.0,1.4322914
53,25272053.0,3.0,0.019491794,0.019491794,98.086498,950.87427,0.0014641739,7.7904195e-13,2.0,9.5852334e-05,0.95852334,4.0,0.0,2000.0,1.4322461
54,25429793.0,3.0,0.019321372,0.019321372,97.973871,949.26492,0.0014640587,7.7861636e-13,2.0,9.5729516e-05,0.95729516,4.0,0.0,2000.0,1.4322008
55,25587532.0,3.0,0.019157151,0.019157151,97.85597,947.67103,0.0014639437,7.7821158e-13,2.0,9.5606761e-05,0.95606761,4.0,0.0,2000.0,1.4321556
56,25745271.0,3.0,0.019004309,0.019004309,97.728716,946.12967,0.0014638286,7.7783272e-13,2.0,9.5484067e-05,0.95484067,4.0,0.0,2000.0,1.4321105
57,25903011.0,3.0,0.018823658,0.018823658,97.635137,944.40296,0.0014637135,7.7743804e-13,2.0,9.5361434e-05,0.95361434,4.0,0.0,2000.0,1.4320654
58,26060750.0,3.0,0.018645811,0.018645811,97.516681,942.60112,0.0014635984,7.7706336e-13,2.0,9.5238861e-05,0.95238861,4.0,0.0,2000.0,1.4320081
59,26218489.0,3.0,0.018473174,0.018473174,97.42249,940.89449,0.0014634834,7.7665935e-13,2.0,9.5116351e-05,0.95116351,4.0,0.0,2000.0,1.431963
60,26376229.0,3.0,0.018315654,0.018315654,97.306102,939.24851,0.0014633683,7.7630223e-13,2.0,9.4993898e-05,0.94993898,4.0,0.0,2000.0,1.431918
61,26533968.0,3.0,0.018144004,0.018144004,97.210853,937.49743,0.0014632533,7.7592386e-13,2.0,9.4871504e-05,0.94871504,4.0,0.0,2000.0,1.431873
62,26691707.0,3.0,0.017983753,0.017983753,97.103429,935.79992,0.0014631383,7.7556478e-13,2.0,9.4749167e-05,0.94749167,4.0,0.0,2000.0,1.431828
63,26849447.0,3.0,0.017845651,0.017845651,96.967265,934.22062,0.0014630232,7.7519612e-13,2.0,9.4626888e-05,0.94626888,4.0,0.0,2000.0,1.431783
64,27007186.0,3.0,0.017698325,0.017698325,96.850873,932.57681,0.0014629082,7.7482669e-13,2.0,9.4504667e-05,0.94504667,4.0,0.0,2000.0,1.431738
65,27164925.0,3.0,0.017547729,0.017547729,96.748723,930.91558,0.0014627932,7.7441882e-13,2.0,9.4382511e-05,0.94382511,4.0,0.0,2000.0,1.431693
66,27322665.0,3.0,0.017409894,0.017409894,96.639937,929.34346,0.0014626782,7.73959e-13,2.0,9.4260427e-05,0.94260427,4.0,0.0,2000.0,1.431648
67,27480404.0,3.0,0.017287188,0.017287188,96.51844,927.87219,0.0014625633,7.7350869e-13,2.0,9.4138414e-05,0.94138414,4.0,0.0,2000.0,1.431603
68,27638143.0,3.0,0.017152426,0.017152426,96.421886,926.32391,0.0014624483,7.7303849e-13,2.0,9.4016476e-05,0.94016476,4.0,0.0,2000.0,1.431558
69,27795883.0,3.0,0.017046158,0.017046158,96.303324,924.99191,0.0014623333,7.725668e-13,2.0,9.3894612e-05,0.93894612,4.0,0.0,2000.0,1.431513
70,27953622.0,3.0,0.016954249,0.016954249,96.168962,923.75396,0.0014622184,7.7208174e-13,2.0,9.3772824e-05,0.93772824,4.0,0.0,2000.0,1.431468
71,28111361.0,3.0,0.016849673,0.016849673,96.071253,922.46063,0.0014621034,7.7158162e-13,2.0,9.3651115e-05,0.93651115,4.0,0.0,2000.0,1.4314231
72,28269101.0,3.0,0.016758876,0.016758876,95.944704,921.21286,0.0014619885,7.710762e-13,2.0,9.3529486e-05,0.93529486,4.0,0.0,2000.0,1.4313658
73,28426840.0,3.0,0.01667492,0.01667492,95.847379,920.10963,0.0014618736,7.7052988e-13,2.0,9.3407943e-05,0.93407943,4.0,0.0,2000.0,1.4313208
74,28584579.0,3.0,0.016627215,0.016627215,95.716203,919.28938,0.0014617587,7.7000082e-13,2.0,9.3286484e-05,0.93286484,4.0,0.0,2000.0,1.4312758
75,28742319.0,3.0,0.016576191,0.016576191,95.610595,918.48479,0.0014616438,7.6944113e-13,2.0,9.3165113e-05,0.93165113,4.0,0.0,2000.0,1.4312309
76,28900058.0,3.0,0.016552982,0.016552982,95.479314,917.90283,0.0014615289,7.6859965e-13,2.0,9.3043874e-05,0.93043874,4.0,0.0,2000.0,1.4311859
77,29057797.0,3.0,0.016529797,0.016529797,95.379716,917.38596,0.001461414,7.6711024e-13,2.0,9.2922871e-05,0.92922871,4.0,0.0,2000.0,1.4311408
78,29215537.0,3.0,0.016523181,0.016523181,95.265197,917.00268,0.0014612991,7.6562259e-13,2.0,9.2802102e-05,0.92802102,4.0,0.0,2000.0,1.4310957
79,29373276.0,3.0,0.016560486,0.016560486,95.124554,917.00347,0.0014611843,7.6410153e-13,2.0,9.2681573e-05,0.92681573,4.0,0.0,2000.0,1.4310505
80,29531015.0,3.0,0.016460864,0.016460864,95.01169,915.55398,0.0014610694,7.6256075e-13,2.0,9.2561287e-05,0.92561287,4.0,0.0,2000.0,1.4309313
81,29688755.0,3.0,0.016396145,0.016396145,94.878458,914.42864,0.0014609546,7.6088931e-13,2.0,9.2441265e-05,0.92441265,4.0,0.0,2000.0,1.430812
82,29846494.0,3.0,0.016439893,0.016439893,94.800307,914.64158,0.0014608397,7.59218e-13,2.0,9.2321507e-05,0.92321507,4.0,0.0,2000.0,1.4307664
83,30004233.0,3.0,0.016613694,0.016613694,94.648307,916.06261,0.0014607249,7.5768756e-13,2.0,9.2201989e-05,0.92201989,4.0,0.0,2000.0,1.4307697
84,30161973.0,3.0,0.016604334,0.016604334,94.500166,915.46703,0.0014606101,7.5621001e-13,2.0,9.2082705e-05,0.92082705,4.0,0.0,2000.0,1.4306744
85,30319712.0,3.0,0.016726065,0.016726065,94.382315,916.39138,0.0014604953,7.5459421e-13,2.0,9.1963676e-05,0.91963676,4.0,0.0,2000.0,1.4306525
86,30477451.0,3.0,0.016752648,0.016752648,94.256067,916.24362,0.0014603805,7.5309029e-13,2.0,9.1844884e-05,0.91844884,4.0,0.0,2000.0,1.4305806
87,30635191.0,3.0,0.016853343,0.016853343,94.173002,917.01335,0.0014602657,7.5153422e-13,2.0,9.1726338e-05,0.91726338,4.0,0.0,2000.0,1.4305573
88,30792930.0,3.0,0.016923345,0.016923345,94.001898,917.18556,0.0014601509,7.4978955e-13,2.0,9.1608066e-05,0.91608066,4.0,0.0,2000.0,1.4304839
89,30950669.0,3.0,0.01697856,0.01697856,93.934035,917.48184,0.0014600361,7.4762347e-13,2.0,9.1490137e-05,0.91490137,4.0,0.0,2000.0,1.4304337
90,31108409.0,3.0,0.017109429,0.017109429,93.763118,918.27324,0.0014599214,7.4551329e-13,2.0,9.137254e-05,0.9137254,4.0,0.0,2000.0,1.4303819
91,31266148.0,3.0,0.017204873,0.017204873,93.646339,918.81998,0.0014598066,7.4338998e-13,2.0,9.1255278e-05,0.91255278,4.0,0.0,2000.0,1.4303279
92,31423887.0,3.0,0.017295667,0.017295667,93.548603,919.35348,0.0014596919,7.4125725e-13,2.0,9.1138353e-05,0.91138353,4.0,0.0,2000.0,1.4302711
93,31581627.0,3.0,0.017421222,0.017421222,93.404097,920.09607,0.0014595772,7.3911786e-13,2.0,9.1021765e-05,0.91021765,4.0,0.0,2000.0,1.4302106
94,31739366.0,3.0,0.01751523,0.01751523,93.296738,920.60077,0.0014594625,7.3700131e-13,2.0,9.0905511e-05,0.90905511,4.0,0.0,2000.0,1.4301451
95,31897105.0,3.0,0.017618226,0.017618226,93.174812,921.13954,0.0014593477,7.3486805e-13,2.0,9.0789593e-05,0.90789593,4.0,0.0,2000.0,1.4300734
96,32054845.0,3.0,0.017712084,0.017712084,93.053478,921.56943,0.001459233,7.3272437e-13,2.0,9.0674014e-05,0.90674014,4.0,0.0,2000.0,1.4299935
97,32212584.0,3.0,0.017798507,0.017798507,92.927055,921.89075,0.0014591184,7.3055252e-13,2.0,9.0558777e-05,0.90558777,4.0,0.0,2000.0,1.4299028
98,32370323.0,3.0,0.017860596,0.017860596,92.810736,921.97962,0.0014590037,7.2838372e-13,2.0,9.0443882e-05,0.90443882,4.0,0.0,2000.0,1.4297982
99,32528063.0,3.0,0.017894207,0.017894207,92.70051,921.78856,0.001458889,7.2618252e-13,2.0,9.0329334e-05,0.90329334,4.0,0.0,2000.0,1.4296757
100,32685802.0,3.0,0.017898187,0.017898187,92.585759,921.27835,0.0014587743,7.2392552e-13,2.0,9.0215143e-05,0.90215143,4.0,0.0,2000.0,1.42953
101,32843541.0,3.0,0.017851397,0.017851397,92.478756,920.27746,0.0014586597,7.2099134e-13,2.0,9.0101414e-05,0.90101414,4.0,0.0,2000.0,1.4293546
102,33001281.0,3.0,0.01777302,0.01777302,92.37635,918.96876,0.0014585451,7.178116e-13,2.0,8.9988187e-05,0.89988187,4.0,0.0,2000.0,1.429158
103,33159020.0,3.0,0.017706289,0.017706289,92.271425,917.76279,0.0014584304,7.1467291e-13,2.0,8.9875455e-05,0.89875455,4.0,0.0,2000.0,1.4289631
104,33316760.0,3.0,0.017658145,0.017658145,92.168805,916.74446,0.0014583158,7.1157848e-13,2.0,8.9763211e-05,0.89763211,4.0,0.0,2000.0,1.4287794
105,33474499.0,3.0,0.017631319,0.017631319,92.063397,915.92739,0.0014582012,7.0852825e-13,2.0,8.9651448e-05,0.89651448,4.0,0.0,2000.0,1.4286075
106,33632238.0,3.0,0.017600744,0.017600744,91.958128,915.06944,0.0014580866,7.0550025e-13,2.0,8.9540163e-05,0.89540163,4.0,0.0,2000.0,1.4284349
107,33789978.0,3.0,0.017551405,0.017551405,91.85247,914.02024,0.001457972,7.024795e-13,2.0,8.9429355e-05,0.89429355,4.0,0.0,2000.0,1.4282516
108,33947717.0,3.0,0.017488578,0.017488578,91.752497,912.85025,0.0014578574,6.9945943e-13,2.0,8.9319022e-05,0.89319022,4.0,0.0,2000.0,1.4280619
109,34105456.0,3.0,0.017432958,0.017432958,91.650209,911.7442,0.0014577428,6.9648407e-13,2.0,8.9209159e-05,0.89209159,4.0,0.0,2000.0,1.4278751
110,34263196.0,3.0,0.01738949,0.01738949,91.548805,910.76212,0.0014576283,6.9354822e-13,2.0,8.909976e-05,0.8909976,4.0,0.0,2000.0,1.4276973
111,34420935.0,3.0,0.017354522,0.017354522,91.446286,909.86052,0.0014575137,6.906499e-13,2.0,8.8990817e-05,0.88990817,4.0,0.0,2000.0,1.4275256
112,34578674.0,3.0,0.017313697,0.017313697,91.34295,908.8997,0.0014573992,6.8778146e-13,2.0,8.8882327e-05,0.88882327,4.0,0.0,2000.0,1.4273529
113,34736414.0,3.0,0.017262592,0.017262592,91.241598,907.84279,0.0014572846,6.8490865e-13,2.0,8.877429e-05,0.8877429,4.0,0.0,2000.0,1.4271764
114,34894153.0,3.0,0.017205584,0.017205584,91.143923,906.7397,0.0014571701,6.8189391e-13,2.0,8.8666728e-05,0.88666728,4.0,0.0,2000.0,1.4269996
115,35051892.0,3.0,0.017154441,0.017154441,91.042188,905.68827,0.0014570556,6.7847102e-13,2.0,8.8559707e-05,0.88559707,4.0,0.0,2000.0,1.4268271
116,35209632.0,3.0,0.017106493,0.017106493,90.943639,904.68236,0.0014569411,6.7506894e-13,2.0,8.8453222e-05,0.88453222,4.0,0.0,2000.0,1.4266609
117,35367371.0,3.0,0.017060784,0.017060784,90.845538,903.7043,0.0014568266,6.7173355e-13,2.0,8.8347263e-05,0.88347263,4.0,0.0,2000.0,1.4264991
118,35525110.0,3.0,0.017015561,0.017015561,90.744175,902.72539,0.0014567121,6.6843378e-13,2.0,8.8241825e-05,0.88241825,4.0,0.0,2000.0,1.426339
119,35682850.0,3.0,0.016963093,0.016963093,90.646052,901.68791,0.0014565976,6.6516138e-13,2.0,8.8136902e-05,0.88136902,4.0,0.0,2000.0,1.4261789
120,35840589.0,3.0,0.01690929,0.01690929,90.548582,900.64418,0.0014564831,6.6192725e-13,2.0,8.8032491e-05,0.88032491,4.0,0.0,2000.0,1.4260208
121,35998328.0,3.0,0.016854443,0.016854443,90.454111,899.60377,0.0014563687,6.5872495e-13,2.0,8.7928584e-05,0.87928584,4.0,0.0,2000.0,1.425866
122,36156068.0,3.0,0.016803024,0.016803024,90.357353,898.59715,0.0014562542,6.5557444e-13,2.0,8.7825174e-05,0.87825174,4.0,0.0,2000.0,1.4257154
123,36313807.0,3.0,0.016753451,0.016753451,90.260856,897.61513,0.0014561398,6.5245879e-13,2.0,8.7722255e-05,0.87722255,4.0,0.0,2000.0,1.4255685
124,36471546.0,3.0,0.016707946,0.016707946,90.161702,896.66938,0.0014560254,6.4938598e-13,2.0,8.7619822e-05,0.87619822,4.0,0.0,2000.0,1.4254236
125,36629286.0,3.0,0.016653345,0.016653345,90.067572,895.65388,0.0014559109,6.4633839e-13,2.0,8.7517869e-05,0.87517869,4.0,0.0,2000.0,1.4252791
126,36787025.0,3.0,0.016595714,0.016595714,89.974194,894.61778,0.0014557965,6.4333602e-13,2.0,8.7416389e-05,0.87416389,4.0,0.0,2000.0,1.4251361
127,36944764.0,3.0,0.016536194,0.016536194,89.879617,893.56988,0.0014556821,6.4036969e-13,2.0,8.7315378e-05,0.87315378,4.0,0.0,2000.0,1.424996
128,37102504.0,3.0,0.016477432,0.016477432,89.784252,892.53631,0.0014555677,6.3743104e-13,2.0,8.721483e-05,0.8721483,4.0,0.0,2000.0,1.4248598
129,37260243.0,3.0,0.016421385,0.016421385,89.688883,891.53757,0.0014554534,6.3410653e-13,2.0,8.7114806e-05,0.87114806,4.0,0.0,2000.0,1.4247283
130,37417982.0,3.0,0.016363933,0.016363933,89.5954,890.53717,0.001455339,6.3077798e-13,2.0,8.7015308e-05,0.87015308,4.0,0.0,2000.0,1.4246003
131,37575722.0,3.0,0.016303148,0.016303148,89.505896,889.52128,0.0014552246,6.2749676e-13,2.0,8.6916327e-05,0.86916327,4.0,0.0,2000.0,1.424475
132,37733461.0,3.0,0.016244215,0.016244215,89.413355,888.52247,0.0014551103,6.2425226e-13,2.0,8.6817858e-05,0.86817858,4.0,0.0,2000.0,1.4243526
133,37891200.0,3.0,0.016183417,0.016183417,89.32142,887.51357,0.0014549959,6.210424e-13,2.0,8.6719895e-05,0.86719895,4.0,0.0,2000.0,1.4242328
134,38048940.0,3.0,0.016122005,0.016122005,89.22971,886.50637,0.0014548816,6.1787762e-13,2.0,8.6622431e-05,0.86622431,4.0,0.0,2000.0,1.4241159
135,38206679.0,3.0,0.016060207,0.016060207,89.138847,885.50378,0.0014547673,6.1474871e-13,2.0,8.6525461e-05,0.86525461,4.0,0.0,2000.0,1.4240021
136,38364418.0,3.0,0.016000111,0.016000111,89.046172,884.51823,0.001454653,6.1165699e-13,2.0,8.6428979e-05,0.86428979,4.0,0.0,2000.0,1.423891
137,38522158.0,3.0,0.015936618,0.015936618,88.955604,883.51116,0.0014545386,6.0860423e-13,2.0,8.6332978e-05,0.86332978,4.0,0.0,2000.0,1.4237824
138,38679897.0,3.0,0.015874741,0.015874741,88.863401,882.52139,0.0014544244,6.055832e-13,2.0,8.6237454e-05,0.86237454,4.0,0.0,2000.0,1.4236764
139,38837636.0,3.0,0.015809267,0.015809267,88.776189,881.51294,0.0014543101,6.0260068e-13,2.0,8.61424e-05,0.861424,4.0,0.0,2000.0,1.423573
140,38995376.0,3.0,0.015744489,0.015744489,88.689594,880.51725,0.0014541958,5.9964634e-13,2.0,8.6047812e-05,0.86047812,4.0,0.0,2000.0,1.4234721
141,39153115.0,3.0,0.015681436,0.015681436,88.600962,879.53833,0.0014540815,5.9673348e-13,2.0,8.5953684e-05,0.85953684,4.0,0.0,2000.0,1.423374
142,39310854.0,3.0,0.015620838,0.015620838,88.507157,878.57565,0.0014539673,5.938472e-13,2.0,8.5860011e-05,0.85860011,4.0,0.0,2000.0,1.4232781
143,39468594.0,3.0,0.015557652,0.015557652,88.419005,877.60276,0.001453853,5.9099025e-13,2.0,8.5766788e-05,0.85766788,4.0,0.0,2000.0,1.4231842
144,39626333.0,3.0,0.015491612,0.015491612,88.331402,876.60749,0.0014537388,5.8797382e-13,2.0,8.5674042e-05,0.85674042,4.0,0.0,2000.0,1.423092
145,39784072.0,3.0,0.01542214,0.01542214,88.250354,875.59632,0.0014536246,5.8487196e-13,2.0,8.5581784e-05,0.85581784,4.0,0.0,2000.0,1.4230019
146,39941812.0,3.0,0.015364958,0.015364958,88.157555,874.68106,0.0014535103,5.8181123e-13,2.0,8.549001e-05,0.8549001,4.0,0.0,2000.0,1.4229143
147,40099551.0,3.0,0.0152993,0.0152993,88.077031,873.71002,0.0014533961,5.7876676e-13,2.0,8.5398716e-05,0.85398716,4.0,0.0,2000.0,1.4228281
148,40257290.0,3.0,0.01523637,0.01523637,87.984715,872.74562,0.0014532819,5.7577295e-13,2.0,8.5307894e-05,0.85307894,4.0,0.0,2000.0,1.4227438
149,40415030.0,3.0,0.01516912,0.01516912,87.903811,871.76356,0.0014531677,5.7280183e-13,2.0,8.521754e-05,0.8521754,4.0,0.0,2000.0,1.422661
150,40572769.0,3.0,0.015110688,0.015110688,87.813649,870.84881,0.0014530536,5.6986424e-13,2.0,8.512765e-05,0.8512765,4.0,0.0,2000.0,1.4225797
151,40730508.0,3.0,0.015045925,0.015045925,87.735794,869.89737,0.0014529394,5.669531e-13,2.0,8.5038219e-05,0.85038219,4.0,0.0,2000.0,1.4224999
152,40888248.0,3.0,0.01499035,0.01499035,87.648131,869.01668,0.0014528252,5.6407067e-13,2.0,8.4949243e-05,0.84949243,4.0,0.0,2000.0,1.4224214
153,41045987.0,3.0,0.014929762,0.014929762,87.55988,868.08492,0.0014527111,5.6122145e-13,2.0,8.4860717e-05,0.84860717,4.0,0.0,2000.0,1.4223435
154,41203726.0,3.0,0.014864598,0.014864598,87.478091,867.1214,0.0014525969,5.5839045e-13,2.0,8.4772636e-05,0.84772636,4.0,0.0,2000.0,1.4222663
155,41361466.0,3.0,0.014802761,0.014802761,87.394761,866.18854,0.0014524828,5.5559051e-13,2.0,8.4684998e-05,0.84684998,4.0,0.0,2000.0,1.4221905
156,41519205.0,3.0,0.01474326,0.01474326,87.310191,865.27541,0.0014523687,5.5281862e-13,2.0,8.4597797e-05,0.84597797,4.0,0.0,2000.0,1.4221157
157,41676944.0,3.0,0.014684327,0.014684327,87.227833,864.37222,0.0014522546,5.5007746e-13,2.0,8.4511028e-05,0.84511028,4.0,0.0,2000.0,1.4220421
158,41834684.0,3.0,0.014626839,0.014626839,87.176592,863.57355,0.0014521405,5.4735755e-13,2.0,8.4424688e-05,0.84424688,4.0,0.0,2000.0,1.4219816
159,41992423.0,3.0,0.014589409,0.014589409,87.093222,862.90808,0.0014520264,5.4468168e-13,2.0,8.433877e-05,0.8433877,4.0,0.0,2000.0,1.4219216
160,42150162.0,3.0,0.014547809,0.014547809,87.011139,862.19748,0.0014519123,5.4195653e-13,2.0,8.4253282e-05,0.84253282,4.0,0.0,2000.0,1.4218605
161,42307902.0,3.0,0.014498718,0.014498718,86.905604,861.33282,0.0014517982,5.3916786e-13,2.0,8.4168234e-05,0.84168234,4.0,0.0,2000.0,1.4217859
162,42465641.0,3.0,0.014433597,0.014433597,86.821999,860.34875,0.0014516841,5.3637552e-13,2.0,8.4083627e-05,0.84083627,4.0,0.0,2000.0,1.4217103
163,42623380.0,3.0,0.014369929,0.014369929,86.770159,859.47071,0.0014515701,5.3360863e-13,2.0,8.3999456e-05,0.83999456,4.0,0.0,2000.0,1.421647
164,42781120.0,3.0,0.014321295,0.014321295,86.6665,858.61343,0.001451456,5.3089387e-13,2.0,8.3915713e-05,0.83915713,4.0,0.0,2000.0,1.4215734
165,42938859.0,3.0,0.014258601,0.014258601,86.58764,857.66217,0.001451342,5.2817367e-13,2.0,8.3832399e-05,0.83832399,4.0,0.0,2000.0,1.421501
166,43096598.0,3.0,0.014200119,0.014200119,86.508407,856.75603,0.001451228,5.2548682e-13,2.0,8.3749509e-05,0.83749509,4.0,0.0,2000.0,1.4214302
167,43254338.0,3.0,0.014141773,0.014141773,86.430348,855.85206,0.001451114,5.2282338e-13,2.0,8.3667039e-05,0.83667039,4.0,0.0,2000.0,1.4213603
168,43412077.0,3.0,0.014087261,0.014087261,86.379291,855.06928,0.0014509999,5.2018725e-13,2.0,8.3584985e-05,0.83584985,4.0,0.0,2000.0,1.4213033
169,43569816.0,3.0,0.014050018,0.014050018,86.269678,854.31893,0.0014508859,5.175958e-13,2.0,8.350334e-05,0.8350334,4.0,0.0,2000.0,1.4212353
170,43727556.0,3.0,0.013995306,0.013995306,86.248601,853.6167,0.001450772,5.1499163e-13,2.0,8.3422106e-05,0.83422106,4.0,0.0,2000.0,1.421191
171,43885295.0,3.0,0.01397652,0.01397652,86.169246,853.17117,0.001450658,5.1246112e-13,2.0,8.3341271e-05,0.83341271,4.0,0.0,2000.0,1.4211468
172,44043034.0,3.0,0.01394463,0.01394463,86.037019,852.41439,0.001450544,5.099439e-13,2.0,8.3260832e-05,0.83260832,4.0,0.0,2000.0,1.4210755
173,44200774.0,3.0,0.013876607,0.013876607,85.961278,851.38754,0.00145043,5.0740605e-13,2.0,8.3180794e-05,0.83180794,4.0,0.0,2000.0,1.4210012
174,44358513.0,3.0,0.013818801,0.013818801,85.940314,850.63907,0.0014503161,5.0489432e-13,2.0,8.3101153e-05,0.83101153,4.0,0.0,2000.0,1.4209525
175,44516252.0,3.0,0.013792559,0.013792559,85.862805,850.10518,0.0014502022,5.0243643e-13,2.0,8.3021899e-05,0.83021899,4.0,0.0,2000.0,1.4209038
176,44673992.0,3.0,0.013758037,0.013758037,85.732471,849.31638,0.0014500882,4.9999996e-13,2.0,8.2943029e-05,0.82943029,4.0,0.0,2000.0,1.4208307
177,44831731.0,3.0,0.013697585,0.013697585,85.712382,848.53191,0.0014499743,4.975446e-13,2.0,8.2864547e-05,0.82864547,4.0,0.0,2000.0,1.4207825
178,44989470.0,3.0,0.01366898,0.01366898,85.641062,847.98407,0.0014498604,4.9515233e-13,2.0,8.2786442e-05,0.82786442,4.0,0.0,2000.0,1.4207343
179,45147210.0,3.0,0.013638023,0.013638023,85.562075,847.3845,0.0014497465,4.9277879e-13,2.0,8.2708711e-05,0.82708711,4.0,0.0,2000.0,1.4206834
180,45304949.0,3.0,0.013601719,0.013601719,85.461328,846.65485,0.0014496326,4.9041804e-13,2.0,8.2631353e-05,0.82631353,4.0,0.0,2000.0,1.42062
181,45462688.0,3.0,0.01355479,0.01355479,85.411201,845.94149,0.0014495187,4.8806417e-13,2.0,8.2554366e-05,0.82554366,4.0,0.0,2000.0,1.420569
182,45620428.0,3.0,0.013519839,0.013519839,85.336801,845.30307,0.0014494048,4.8573972e-13,2.0,8.2477746e-05,0.82477746,4.0,0.0,2000.0,1.4205161
183,45778167.0,3.0,0.013483644,0.013483644,85.262859,844.64913,0.001449291,4.8343238e-13,2.0,8.2401489e-05,0.82401489,4.0,0.0,2000.0,1.420463
184,45935906.0,3.0,0.013447922,0.013447922,85.189195,844.00123,0.0014491771,4.8115151e-13,2.0,8.2325593e-05,0.82325593,4.0,0.0,2000.0,1.4204103
185,46093646.0,3.0,0.013411922,0.013411922,85.115936,843.3499,0.0014490633,4.7888463e-13,2.0,8.2250054e-05,0.82250054,4.0,0.0,2000.0,1.4203576
186,46251385.0,3.0,0.013373838,0.013373838,85.043325,842.67276,0.0014489494,4.7663441e-13,2.0,8.217487e-05,0.8217487,4.0,0.0,2000.0,1.4203036
187,46409124.0,3.0,0.013331707,0.013331707,84.977488,841.96415,0.0014488356,4.7439982e-13,2.0,8.2100038e-05,0.82100038,4.0,0.0,2000.0,1.4202497
188,46566864.0,3.0,0.013300002,0.013300002,84.898933,841.34577,0.0014487218,4.7217776e-13,2.0,8.2025557e-05,0.82025557,4.0,0.0,2000.0,1.4201964
189,46724603.0,3.0,0.013262916,0.013262916,84.827031,840.6782,0.001448608,4.6999079e-13,2.0,8.1951421e-05,0.81951421,4.0,0.0,2000.0,1.4201429
190,46882342.0,3.0,0.013222113,0.013222113,84.7628,839.98455,0.0014484942,4.6780509e-13,2.0,8.187763e-05,0.8187763,4.0,0.0,2000.0,1.4200894
191,47040082.0,3.0,0.013186162,0.013186162,84.692075,839.33201,0.0014483804,4.6564244e-13,2.0,8.180418e-05,0.8180418,4.0,0.0,2000.0,1.4200364
192,47197821.0,3.0,0.013154013,0.013154013,84.613941,838.70448,0.0014482666,4.6350065e-13,2.0,8.1731068e-05,0.81731068,4.0,0.0,2000.0,1.4199832
193,47355560.0,3.0,0.013116717,0.013116717,84.543655,838.03386,0.0014481529,4.6137005e-13,2.0,8.1658292e-05,0.81658292,4.0,0.0,2000.0,1.4199299
194,47513300.0,3.0,0.013076269,0.013076269,84.480205,837.34173,0.0014480391,4.5925464e-13,2.0,8.1585849e-05,0.81585849,4.0,0.0,2000.0,1.4198769
195,47671039.0,3.0,0.013044423,0.013044423,84.403567,836.71927,0.0014479253,4.5716149e-13,2.0,8.1513737e-05,0.81513737,4.0,0.0,2000.0,1.4198241
196,47828778.0,3.0,0.013002369,0.013002369,84.341543,836.0084,0.0014478116,4.5513311e-13,2.0,8.1441944e-05,0.81441944,4.0,0.0,2000.0,1.4197711
197,47986518.0,3.0,0.012970698,0.012970698,84.267174,835.39265,0.0014476979,4.531905e-13,2.0,8.1370458e-05,0.81370458,4.0,0.0,2000.0,1.4197192
198,48144257.0,3.0,0.012936043,0.012936043,84.19612,834.74717,0.0014475842,4.5124242e-13,2.0,8.129928e-05,0.8129928,4.0,0.0,2000.0,1.4196672
199,48301996.0,3.0,0.012899345,0.012899345,84.127925,834.0828,0.0014474704,4.49322e-13,2.0,8.1228404e-05,0.81228404,4.0,0.0,2000.0,1.4196149
200,48459736.0,3.0,0.012863751,0.012863751,84.060109,833.43223,0.0014473567,4.4740696e-13,2.0,8.115783e-05,0.8115783,4.0,0.0,2000.0,1.4195632
201,48617475.0,3.0,0.01282357,0.01282357,83.998901,832.74071,0.0014472431,4.4550943e-13,2.0,8.1087556e-05,0.81087556,4.0,0.0,2000.0,1.4195113
202,48775214.0,3.0,0.012791787,0.012791787,83.927562,832.12636,0.0014471294,4.4362247e-13,2.0,8.1017579e-05,0.81017579,4.0,0.0,2000.0,1.4194603
203,48932954.0,3.0,0.012758135,0.012758135,83.860102,831.49658,0.0014470157,4.4175988e-13,2.0,8.0947896e-05,0.80947896,4.0,0.0,2000.0,1.4194094
204,49090693.0,3.0,0.012726864,0.012726864,83.788876,830.88575,0.001446902,4.3990093e-13,2.0,8.0878507e-05,0.80878507,4.0,0.0,2000.0,1.4193585
205,49248432.0,3.0,0.012687445,0.012687445,83.729462,830.20252,0.0014467884,4.3805744e-13,2.0,8.0809408e-05,0.80809408,4.0,0.0,2000.0,1.4193073
206,49406172.0,3.0,0.012657148,0.012657148,83.657127,829.59907,0.0014466747,4.3622878e-13,2.0,8.0740597e-05,0.80740597,4.0,0.0,2000.0,1.4192561
207,49563911.0,3.0,0.012622737,0.012622737,83.589285,828.95426,0.0014465611,4.3441637e-13,2.0,8.0672073e-05,0.80672073,4.0,0.0,2000.0,1.4192048
208,49721650.0,3.0,0.012583599,0.012583599,83.531075,828.27375,0.0014464475,4.3261011e-13,2.0,8.0603833e-05,0.80603833,4.0,0.0,2000.0,1.4191537
209,49879390.0,3.0,0.01255178,0.01255178,83.46385,827.66198,0.0014463339,4.3081962e-13,2.0,8.0535876e-05,0.80535876,4.0,0.0,2000.0,1.4191035
210,50037129.0,3.0,0.012521222,0.012521222,83.392009,827.05277,0.0014462203,4.2904595e-13,2.0,8.0468198e-05,0.80468198,4.0,0.0,2000.0,1.419053
211,50194868.0,3.0,0.012486971,0.012486971,83.326861,826.41297,0.0014461067,4.2728329e-13,2.0,8.0400799e-05,0.80400799,4.0,0.0,2000.0,1.4190026
212,50352608.0,3.0,0.012453543,0.012453543,83.261892,825.78327,0.0014459931,4.2553221e-13,2.0,8.0333676e-05,0.80333676,4.0,0.0,2000.0,1.4189525
213,50510347.0,3.0,0.012419199,0.012419199,83.197265,825.14151,0.0014458795,4.2379109e-13,2.0,8.0266827e-05,0.80266827,4.0,0.0,2000.0,1.4189021
214,50668086.0,3.0,0.012380941,0.012380941,83.140179,824.4682,0.0014457659,4.2206392e-13,2.0,8.0200251e-05,0.80200251,4.0,0.0,2000.0,1.418852
215,50825826.0,3.0,0.012349222,0.012349222,83.075389,823.85854,0.0014456524,4.2035099e-13,2.0,8.0133945e-05,0.80133945,4.0,0.0,2000.0,1.4188029
216,50983565.0,3.0,0.012315666,0.012315666,83.012994,823.23021,0.0014455388,4.188127e-13,2.0,8.0067882e-05,0.80067882,4.0,0.0,2000.0,1.418754
217,51141304.0,3.0,0.012288727,0.012288727,82.941012,822.66153,0.0014454253,4.1730672e-13,2.0,8.0002056e-05,0.80002056,4.0,0.0,2000.0,1.4187054
218,51299044.0,3.0,0.012255314,0.012255314,82.877776,822.03036,0.0014453117,4.1580757e-13,2.0,7.9936467e-05,0.79936467,4.0,0.0,2000.0,1.4186564
219,51456783.0,3.0,0.012217242,0.012217242,82.822551,821.35861,0.0014451982,4.143182e-13,2.0,7.9871113e-05,0.79871113,4.0,0.0,2000.0,1.4186072
220,51614522.0,3.0,0.012186474,0.012186474,82.758288,820.75751,0.0014450847,4.1284258e-13,2.0,7.9805991e-05,0.79805991,4.0,0.0,2000.0,1.4185586
221,51772262.0,3.0,0.012158936,0.012158936,82.688467,820.18222,0.0014449712,4.1137429e-13,2.0,7.9741102e-05,0.79741102,4.0,0.0,2000.0,1.4185101
222,51930001.0,3.0,0.012122072,0.012122072,82.634162,819.52426,0.0014448577,4.0990994e-13,2.0,7.9676443e-05,0.79676443,4.0,0.0,2000.0,1.4184616
223,52087741.0,3.0,0.012096629,0.012096629,82.563551,818.9734,0.0014447442,4.0846192e-13,2.0,7.9612012e-05,0.79612012,4.0,0.0,2000.0,1.4184137
224,52245480.0,3.0,0.012058969,0.012058969,82.509279,818.30216,0.0014446308,4.0701836e-13,2.0,7.9547809e-05,0.79547809,4.0,0.0,2000.0,1.4183649
225,52403219.0,3.0,0.012027705,0.012027705,82.447792,817.69623,0.0014445173,4.0558965e-13,2.0,7.9483832e-05,0.79483832,4.0,0.0,2000.0,1.4183165
226,52560959.0,3.0,0.011996829,0.011996829,82.386146,817.09411,0.0014444038,4.0417009e-13,2.0,7.9420078e-05,0.79420078,4.0,0.0,2000.0,1.4182688
227,52718698.0,3.0,0.011967996,0.011967996,82.320344,816.50698,0.0014442904,4.0275127e-13,2.0,7.9356549e-05,0.79356549,4.0,0.0,2000.0,1.4182209
228,52876437.0,3.0,0.01193432,0.01193432,82.263337,815.87763,0.001444177,4.0135287e-13,2.0,7.9293239e-05,0.79293239,4.0,0.0,2000.0,1.4181733
229,53034177.0,3.0,0.011906123,0.011906123,82.197982,815.29863,0.0014440635,3.9996076e-13,2.0,7.923015e-05,0.7923015,4.0,0.0,2000.0,1.4181257
230,53191916.0,3.0,0.011876919,0.011876919,82.132985,814.70578,0.0014439501,3.9857114e-13,2.0,7.916728e-05,0.7916728,4.0,0.0,2000.0,1.418078
231,53349655.0,3.0,0.011842606,0.011842606,82.07669,814.06617,0.0014438367,3.971942e-13,2.0,7.9104626e-05,0.79104626,4.0,0.0,2000.0,1.4180301
232,53507395.0,3.0,0.011814771,0.011814771,82.012017,813.49133,0.0014437233,3.9582955e-13,2.0,7.9042189e-05,0.79042189,4.0,0.0,2000.0,1.4179829
233,53665134.0,3.0,0.011783213,0.011783213,81.951761,812.87632,0.0014436099,3.9446791e-13,2.0,7.8979965e-05,0.78979965,4.0,0.0,2000.0,1.4179355
234,53822873.0,3.0,0.01174798,0.01174798,81.899517,812.23199,0.0014434966,3.9311811e-13,2.0,7.8917955e-05,0.78917955,4.0,0.0,2000.0,1.4178883
235,53980613.0,3.0,0.011723538,0.011723538,81.831749,811.69284,0.0014433832,3.9177673e-13,2.0,7.8856157e-05,0.78856157,4.0,0.0,2000.0,1.4178421
236,54138352.0,3.0,0.011692393,0.011692393,81.772194,811.08239,0.0014432698,3.9044075e-13,2.0,7.8794569e-05,0.78794569,4.0,0.0,2000.0,1.4177954
237,54296091.0,3.0,0.011660122,0.011660122,81.716954,810.46738,0.0014431565,3.8931243e-13,2.0,7.8733159e-05,0.78733159,4.0,0.0,2000.0,1.4177491
238,54453831.0,3.0,0.011633705,0.011633705,81.653328,809.90943,0.0014430431,3.8819574e-13,2.0,7.8671925e-05,0.78671925,4.0,0.0,2000.0,1.4177031
239,54611570.0,3.0,0.011597899,0.011597899,81.602692,809.2555,0.0014429298,3.8708928e-13,2.0,7.8610866e-05,0.78610866,4.0,0.0,2000.0,1.4176566
240,54769309.0,3.0,0.011572694,0.011572694,81.538365,808.71122,0.0014428165,3.8600086e-13,2.0,7.8549978e-05,0.78549978,4.0,0.0,2000.0,1.4176111
241,54927049.0,3.0,0.01153975,0.01153975,81.48513,808.08801,0.0014427032,3.8490795e-13,2.0,7.8489263e-05,0.78489263,4.0,0.0,2000.0,1.4175655
242,55084788.0,3.0,0.0115117,0.0115117,81.425568,807.51513,0.0014425899,3.8382236e-13,2.0,7.8428719e-05,0.78428719,4.0,0.0,2000.0,1.4175202
243,55242527.0,3.0,0.011483142,0.011483142,81.36693,806.93673,0.0014424766,3.827424e-13,2.0,7.8368346e-05,0.78368346,4.0,0.0,2000.0,1.4174752
244,55400267.0,3.0,0.011453395,0.011453395,81.309744,806.34444,0.0014423633,3.8166915e-13,2.0,7.8308142e-05,0.78308142,4.0,0.0,2000.0,1.41743
245,55558006.0,3.0,0.011425142,0.011425142,81.251407,805.76926,0.00144225,3.8060114e-13,2.0,7.8248106e-05,0.78248106,4.0,0.0,2000.0,1.4173851
246,55715745.0,3.0,0.011402093,0.011402093,81.184599,805.24284,0.0014421368,3.7953701e-13,2.0,7.8188238e-05,0.78188238,4.0,0.0,2000.0,1.4173402
247,55873485.0,3.0,0.011372409,0.011372409,81.126828,804.64621,0.0014420235,3.7848011e-13,2.0,7.8128537e-05,0.78128537,4.0,0.0,2000.0,1.4172948
248,56031224.0,3.0,0.011339385,0.011339385,81.076607,804.02183,0.0014419103,3.7743136e-13,2.0,7.8069001e-05,0.78069001,4.0,0.0,2000.0,1.4172494
249,56188963.0,3.0,0.011311632,0.011311632,81.018779,803.4508,0.001441797,3.7638329e-13,2.0,7.8009631e-05,0.78009631,4.0,0.0,2000.0,1.4172044
250,56346703.0,3.0,0.011287308,0.011287308,80.954368,802.90954,0.0014416838,3.753462e-13,2.0,7.7950424e-05,0.77950424,4.0,0.0,2000.0,1.4171596
251,56504442.0,3.0,0.011255003,0.011255003,80.90409,802.29186,0.0014415706,3.7431344e-13,2.0,7.789138e-05,0.7789138,4.0,0.0,2000.0,1.4171149
252,56662181.0,3.0,0.011231611,0.011231611,80.840942,801.76625,0.0014414574,3.7327967e-13,2.0,7.7832499e-05,0.77832499,4.0,0.0,2000.0,1.4170708
253,56819921.0,3.0,0.011198062,0.011198062,80.791999,801.13216,0.0014413442,3.7225847e-13,2.0,7.7773779e-05,0.77773779,4.0,0.0,2000.0,1.4170261
254,56977660.0,3.0,0.011171836,0.011171836,80.73429,800.57877,0.001441231,3.7124202e-13,2.0,7.771522e-05,0.7771522,4.0,0.0,2000.0,1.4169819
255,57135399.0,3.0,0.011149512,0.011149512,80.669394,800.06127,0.0014411178,3.7023434e-13,2.0,7.7656819e-05,0.77656819,4.0,0.0,2000.0,1.4169382
256,57293139.0,3.0,0.011115425,0.011115425,80.622064,799.42067,0.0014410047,3.692262e-13,2.0,7.7598578e-05,0.77598578,2.0,0.0,2000.0,1.4168939
257,57450878.0,3.0,0.011094302,0.011094302,80.557579,798.92064,0.0014408915,3.6823193e-13,2.0,7.7540493e-05,0.77540493,2.0,0.0,2000.0,1.4168504
258,57608617.0,3.0,0.011066222,0.011066222,80.500542,798.3385,0.0014407784,3.6723804e-13,2.0,7.7482565e-05,0.77482565,2.0,0.0,2000.0,1.4168062
259,57766357.0,3.0,0.011034022,0.011034022,80.451753,797.71857,0.0014406652,3.6637244e-13,2.0,7.7424774e-05,0.77424774,2.0,0.0,2000.0,1.4167621
260,57924096.0,3.0,0.011011659,0.011011659,80.390074,797.20623,0.0014405521,3.6557815e-13,2.0,7.7367108e-05,0.77367108,2.0,0.0,2000.0,1.416719
261,58081835.0,3.0,0.010984181,0.010984181,80.332849,796.63023,0.001440439,3.6478679e-13,2.0,7.7309566e-05,0.77309566,2.0,0.0,2000.0,1.4166753
262,58239575.0,3.0,0.010957673,0.010957673,80.277005,796.07153,0.0014403259,3.6399711e-13,2.0,7.725215e-05,0.7725215,2.0,0.0,2000.0,1.416632
263,58397314.0,3.0,0.010925876,0.010925876,80.230737,795.4605,0.0014402128,3.6321404e-13,2.0,7.7194857e-05,0.77194857,2.0,0.0,2000.0,1.416589
264,58555053.0,3.0,0.010904734,0.010904734,80.166904,794.95775,0.0014400997,3.6243383e-13,2.0,7.7137687e-05,0.77137687,2.0,0.0,2000.0,1.4165462
265,58712793.0,3.0,0.010875644,0.010875644,80.115269,794.36995,0.0014399866,3.6165906e-13,2.0,7.7080639e-05,0.77080639,2.0,0.0,2000.0,1.4165034
266,58870532.0,3.0,0.010852988,0.010852988,80.055199,793.85365,0.0014398735,3.6088695e-13,2.0,7.7023713e-05,0.77023713,2.0,0.0,2000.0,1.4164609
267,59028271.0,3.0,0.010823511,0.010823511,80.004838,793.26212,0.0014397604,3.6011923e-13,2.0,7.6966908e-05,0.76966908,2.0,0.0,2000.0,1.4164183
268,59186011.0,3.0,0.010797955,0.010797955,79.948989,792.71289,0.0014396474,3.5935299e-13,2.0,7.6910224e-05,0.76910224,2.0,0.0,2000.0,1.4163756
269,59343750.0,3.0,0.010774231,0.010774231,79.890689,792.18338,0.0014395344,3.5859414e-13,2.0,7.6853659e-05,0.76853659,2.0,0.0,2000.0,1.4163334
270,59501489.0,3.0,0.010748016,0.010748016,79.835363,791.62414,0.0014394213,3.5783283e-13,2.0,7.6797215e-05,0.76797215,2.0,0.0,2000.0,1.4162909
271,59659229.0,3.0,0.010722311,0.010722311,79.780573,791.07345,0.0014393083,3.5708031e-13,2.0,7.6740889e-05,0.76740889,2.0,0.0,2000.0,1.4162488
272,59816968.0,3.0,0.01069426,0.01069426,79.72982,790.49758,0.0014391953,3.5633333e-13,2.0,7.6684681e-05,0.76684681,2.0,0.0,2000.0,1.4162066
273,59974707.0,3.0,0.010671112,0.010671112,79.671625,789.97433,0.0014390823,3.5558324e-13,2.0,7.6628592e-05,0.76628592,2.0,0.0,2000.0,1.4161646
274,60132447.0,3.0,0.010640804,0.010640804,79.625052,789.37452,0.0014389693,3.5484232e-13,2.0,7.6572619e-05,0.76572619,2.0,0.0,2000.0,1.4161229
275,60290186.0,3.0,0.010616928,0.010616928,79.570647,788.84955,0.0014388563,3.5410072e-13,2.0,7.6516764e-05,0.76516764,2.0,0.0,2000.0,1.4160817
276,60447925.0,3.0,0.010593796,0.010593796,79.513434,788.32738,0.0014387433,3.5336629e-13,2.0,7.6461024e-05,0.76461024,2.0,0.0,2000.0,1.4160407
277,60605665.0,3.0,0.010566892,0.010566892,79.462794,787.76505,0.0014386303,3.526355e-13,2.0,7.6405399e-05,0.76405399,2.0,0.0,2000.0,1.4159995
278,60763404.0,3.0,0.010543966,0.010543966,79.407114,787.24874,0.0014385174,3.5190348e-13,2.0,7.634989e-05,0.7634989,2.0,0.0,2000.0,1.4159587
279,60921143.0,3.0,0.010519611,0.010519611,79.35134,786.70968,0.0014384044,3.5117897e-13,2.0,7.6294496e-05,0.76294496,2.0,0.0,2000.0,1.4159175
280,61078883.0,3.0,0.010491902,0.010491902,79.302526,786.13762,0.0014382915,3.5045482e-13,2.0,7.6239215e-05,0.76239215,2.0,0.0,2000.0,1.4158763
281,61236622.0,3.0,0.010468822,0.010468822,79.247606,785.61888,0.0014381786,3.4973876e-13,2.0,7.6184048e-05,0.76184048,2.0,0.0,2000.0,1.4158356
282,61394361.0,3.0,0.010449517,0.010449517,79.185344,785.13655,0.0014380656,3.4902429e-13,2.0,7.6128993e-05,0.76128993,2.0,0.0,2000.0,1.4157948
283,61552101.0,3.0,0.010418289,0.010418289,79.141821,784.52226,0.0014379527,3.4846107e-13,2.0,7.6074027e-05,0.76074027,2.0,0.0,2000.0,1.4157536
284,61709840.0,3.0,0.010395454,0.010395454,79.088338,784.00904,0.0014378398,3.4791671e-13,2.0,7.6019147e-05,0.76019147,2.0,0.0,2000.0,1.4157131
285,61867579.0,3.0,0.010376892,0.010376892,79.025151,783.53377,0.0014377269,3.473702e-13,2.0,7.5964353e-05,0.75964353,2.0,0.0,2000.0,1.4156724
286,62025319.0,3.0,0.010351122,0.010351122,78.97209,782.97445,0.001437614,3.4682705e-13,2.0,7.5909644e-05,0.75909644,2.0,0.0,2000.0,1.4156312
287,62183058.0,3.0,0.010327418,0.010327418,78.918799,782.44608,0.0014375012,3.4629334e-13,2.0,7.585502e-05,0.7585502,2.0,0.0,2000.0,1.4155907
288,62340797.0,3.0,0.010298119,0.010298119,78.873979,781.85311,0.0014373883,3.4575207e-13,2.0,7.5800482e-05,0.75800482,2.0,0.0,2000.0,1.4155497
289,62498537.0,3.0,0.010273843,0.010273843,78.822864,781.32019,0.0014372755,3.4522548e-13,2.0,7.5746026e-05,0.75746026,2.0,0.0,2000.0,1.4155092
290,62656276.0,3.0,0.010251059,0.010251059,78.7698,780.80463,0.0014371626,3.4469226e-13,2.0,7.5691654e-05,0.75691654,2.0,0.0,2000.0,1.4154696
291,62814015.0,3.0,0.010230582,0.010230582,78.712555,780.31293,0.0014370498,3.4416461e-13,2.0,7.5637366e-05,0.75637366,2.0,0.0,2000.0,1.4154301
292,62971755.0,3.0,0.010204847,0.010204847,78.664196,779.76257,0.0014369369,3.4363886e-13,2.0,7.5583161e-05,0.75583161,2.0,0.0,2000.0,1.4153904
293,63129494.0,3.0,0.010184929,0.010184929,78.606274,779.27635,0.0014368241,3.4311177e-13,2.0,7.5529039e-05,0.75529039,2.0,0.0,2000.0,1.4153507
294,63303007.0,3.0,0.010155874,0.010155874,78.556702,778.66808,0.0014367,3.4253677e-13,2.0,7.5469604e-05,0.75469604,2.0,0.0,2000.0,1.4153086
295,63493872.0,3.0,0.010129509,0.010129509,78.500101,778.08107,0.0014365636,3.4191551e-13,2.0,7.5404344e-05,0.75404344,2.0,0.0,2000.0,1.4152645
296,63703823.0,3.0,0.010103371,0.010103371,78.43621,777.47582,0.0014364134,3.4122922e-13,2.0,7.5332703e-05,0.75332703,2.0,0.0,2000.0,1.4152183
297,63934769.0,3.0,0.010075974,0.010075974,78.303491,776.64762,0.0014362483,3.4048583e-13,2.0,7.5254069e-05,0.75254069,2.0,0.0,2000.0,1.415144
298,64188810.0,3.0,0.010015897,0.010015897,78.223212,775.44333,0.0014360667,3.3964551e-13,2.0,7.5167785e-05,0.75167785,2.0,0.0,2000.0,1.4150662
299,64468255.0,3.0,0.0099567866,0.0099567866,78.146025,774.25877,0.001435867,3.3873708e-13,2.0,7.5073127e-05,0.75073127,2.0,0.0,2000.0,1.4149874
300,64775644.0,3.0,0.0099078279,0.0099078279,78.049939,773.18013,0.0014356474,3.3774925e-13,2.0,7.4969306e-05,0.74969306,2.0,0.0,2000.0,1.4149085
301,65113772.0,3.0,0.0098554935,0.0098554935,77.954587,772.04512,0.0014354058,3.3667768e-13,2.0,7.4855466e-05,0.74855466,2.0,0.0,2000.0,1.4148286
302,65485713.0,3.0,0.0098140152,0.0098140152,77.83866,771.02544,0.0014351401,3.3558543e-13,2.0,7.4730648e-05,0.74730648,2.0,0.0,2000.0,1.4147481
303,65894849.0,3.0,0.0097649085,0.0097649085,77.720604,769.87066,0.0014348479,3.3464485e-13,2.0,7.4593733e-05,0.74593733,2.0,0.0,2000.0,1.4146624
304,66344897.0,3.0,0.0097165681,0.0097165681,77.523585,768.49393,0.0014345265,3.3361651e-13,2.0,7.4443589e-05,0.74443589,2.0,0.0,2000.0,1.4145456
305,66839951.0,3.0,0.0096306864,0.0096306864,77.378549,766.63707,0.0014341731,3.3248805e-13,2.0,7.427899e-05,0.7427899,2.0,0.0,2000.0,1.4144214
306,67384510.0,3.0,0.0095523542,0.0095523542,77.215806,764.84514,0.0014337845,3.3125345e-13,2.0,7.4098603e-05,0.74098603,2.0,0.0,2000.0,1.4142923
307,67983525.0,3.0,0.0094725598,0.0094725598,77.042644,762.98855,0.0014333571,3.2993075e-13,2.0,7.390097e-05,0.7390097,2.0,0.0,2000.0,1.4141589
308,68642441.0,3.0,0.0093973573,0.0093973573,76.786961,760.95925,0.0014328872,3.284933e-13,2.0,7.368452e-05,0.7368452,2.0,0.0,2000.0,1.4139965
309,69367249.0,3.0,0.009294447,0.009294447,76.573993,758.56554,0.0014323704,3.2691813e-13,2.0,7.3447567e-05,0.73447567,2.0,0.0,2000.0,1.4138295
310,70164538.0,3.0,0.0091958697,0.0091958697,76.342445,756.17805,0.0014318022,3.2553712e-13,2.0,7.318802e-05,0.7318802,2.0,0.0,2000.0,1.4136556
311,71033279.0,3.0,0.0091000954,0.0091000954,76.025283,753.58394,0.0014311834,3.2424572e-13,2.0,7.2906335e-05,0.72906335,2.0,0.0,2000.0,1.4134508
312,71911173.0,3.0,0.0089819893,0.0089819893,75.751574,750.71864,0.0014305583,3.2293726e-13,2.0,7.262283e-05,0.7262283,2.0,0.0,2000.0,1.4132456
313,72800622.0,3.0,0.008874583,0.008874583,75.471729,748.01629,0.0014299253,3.2163279e-13,2.0,7.2336754e-05,0.72336754,2.0,0.0,2000.0,1.4130436
314,73700848.0,3.0,0.008765806,0.008765806,75.192439,745.2839,0.001429285,3.203366e-13,2.0,7.2048378e-05,0.72048378,2.0,0.0,2000.0,1.4128422
315,74612258.0,3.0,0.0086615393,0.0086615393,74.908653,742.61217,0.001428637,3.1923762e-13,2.0,7.1757422e-05,0.71757422,2.0,0.0,2000.0,1.4126423
316,75534652.0,3.0,0.0085622576,0.0085622576,74.621717,740.01424,0.0014279815,3.1833529e-13,2.0,7.1463791e-05,0.71463791,2.0,0.0,2000.0,1.4124451
317,76467754.0,3.0,0.0084650476,0.0084650476,74.329887,737.43411,0.0014273187,3.1744253e-13,2.0,7.1167585e-05,0.71167585,2.0,0.0,2000.0,1.4122481
318,77411583.0,3.0,0.008367113,0.008367113,74.037707,734.83517,0.0014266486,3.16553e-13,2.0,7.0868813e-05,0.70868813,2.0,0.0,2000.0,1.4120511
319,78366472.0,3.0,0.008272107,0.008272107,73.740938,732.2709,0.0014259711,3.1566443e-13,2.0,7.0567389e-05,0.70567389,2.0,0.0,2000.0,1.411854
320,79332340.0,3.0,0.0081778113,0.0081778113,73.442436,729.70937,0.001425286,3.1486933e-13,2.0,7.0263267e-05,0.70263267,2.0,0.0,2000.0,1.4116568
321,80309358.0,3.0,0.0080856801,0.0080856801,73.140949,727.17336,0.0014245935,3.1425472e-13,2.0,6.9956234e-05,0.69956234,2.0,0.0,2000.0,1.4114593
322,81297521.0,3.0,0.0079950545,0.0079950545,72.835412,724.64935,0.0014238934,3.1363747e-13,2.0,6.9646309e-05,0.69646309,2.0,0.0,2000.0,1.4112614
323,82296897.0,3.0,0.0079034793,0.0079034793,72.5289,722.1015,0.0014231857,3.1302228e-13,2.0,6.9333482e-05,0.69333482,2.0,0.0,2000.0,1.411063
324,83307865.0,3.0,0.0078145305,0.0078145305,72.21686,719.58315,0.0014224702,3.1241215e-13,2.0,6.9017643e-05,0.69017643,2.0,0.0,2000.0,1.4108641
325,84330354.0,3.0,0.0077263138,0.0077263138,71.901673,717.06915,0.001421747,3.1183408e-13,2.0,6.8698797e-05,0.68698797,2.0,0.0,2000.0,1.4106648
326,85364530.0,3.0,0.0076380435,0.0076380435,71.554078,714.46605,0.0014210159,3.1140357e-13,2.0,6.837675e-05,0.6837675,2.0,0.0,2000.0,1.4104529
327,86410671.0,3.0,0.0075351354,0.0075351354,71.233287,711.66593,0.0014202767,3.1096436e-13,2.0,6.8051438e-05,0.68051438,2.0,0.0,2000.0,1.410241
328,87471113.0,3.0,0.0074391811,0.0074391811,70.90807,708.98475,0.0014195279,3.1051964e-13,2.0,6.772215e-05,0.6772215,2.0,0.0,2000.0,1.4100307
329,88545247.0,3.0,0.0073463549,0.0073463549,70.579536,706.35473,0.0014187698,3.1008924e-13,2.0,6.7389072e-05,0.67389072,2.0,0.0,2000.0,1.4098221
330,89632969.0,3.0,0.0072564893,0.0072564893,70.248183,703.77527,0.0014180025,3.0965508e-13,2.0,6.7052254e-05,0.67052254,2.0,0.0,2000.0,1.4096152
331,90734175.0,3.0,0.0071718635,0.0071718635,69.911016,701.28094,0.0014172262,3.0932921e-13,2.0,6.6711619e-05,0.66711619,2.0,0.0,2000.0,1.4094099
332,91848390.0,3.0,0.0070876319,0.0070876319,69.569475,698.78589,0.0014164412,3.0900792e-13,2.0,6.6367317e-05,0.66367317,2.0,0.0,2000.0,1.4092042
333,92975860.0,3.0,0.0070059996,0.0070059996,69.223918,696.33075,0.0014156474,3.0868302e-13,2.0,6.6019287e-05,0.66019287,2.0,0.0,2000.0,1.4089978
334,94116482.0,3.0,0.0069259637,0.0069259637,68.823592,693.7646,0.0014148447,3.0835898e-13,2.0,6.5667566e-05,0.65667566,2.0,0.0,2000.0,1.4087712
335,95270298.0,3.0,0.0068178263,0.0068178263,68.471917,690.79911,0.0014140333,3.0801129e-13,2.0,6.5312177e-05,0.65312177,2.0,0.0,2000.0,1.4085437
336,96442430.0,3.0,0.0067196277,0.0067196277,68.116218,688.01499,0.0014132095,3.0774582e-13,2.0,6.4951459e-05,0.64951459,2.0,0.0,2000.0,1.4083188
337,97631708.0,3.0,0.0066267581,0.0066267581,67.755487,685.32218,0.0014123742,3.0749222e-13,2.0,6.4585765e-05,0.64585765,2.0,0.0,2000.0,1.4080966
338,98837670.0,3.0,0.0065404804,0.0065404804,67.387676,682.74167,0.0014115277,3.0723983e-13,2.0,6.4215245e-05,0.64215245,2.0,0.0,2000.0,1.4078771
339,100059560.0,3.0,0.0064611978,0.0064611978,67.012991,680.28125,0.0014106705,3.0699097e-13,2.0,6.3840137e-05,0.63840137,2.0,0.0,2000.0,1.4076601
340,101296450.0,3.0,0.0063805958,0.0063805958,66.587239,677.67277,0.0014098035,3.0673712e-13,2.0,6.3460735e-05,0.63460735,2.0,0.0,2000.0,1.4074232
341,102548990.0,3.0,0.0062741529,0.0062741529,66.205852,674.69122,0.001408926,3.0648954e-13,2.0,6.3076846e-05,0.63076846,2.0,0.0,2000.0,1.4071857
342,103822790.0,3.0,0.0061796039,0.0061796039,65.818076,671.9258,0.0014080342,3.0625203e-13,2.0,6.2686741e-05,0.62686741,2.0,0.0,2000.0,1.4069506
343,105116100.0,3.0,0.0060895104,0.0060895104,65.424751,669.23841,0.0014071294,3.0601402e-13,2.0,6.229097e-05,0.6229097,2.0,0.0,2000.0,1.4067178
344,106428560.0,3.0,0.0060056281,0.0060056281,65.025543,666.66267,0.0014062118,3.0577834e-13,2.0,6.1889647e-05,0.61889647,2.0,0.0,2000.0,1.4064874
345,107759380.0,3.0,0.0059282198,0.0059282198,64.619128,664.20064,0.0014052821,3.0554328e-13,2.0,6.1483027e-05,0.61483027,2.0,0.0,2000.0,1.406259
346,109107580.0,3.0,0.0058516962,0.0058516962,64.208185,661.75194,0.0014043409,3.0532094e-13,2.0,6.1071391e-05,0.61071391,2.0,0.0,2000.0,1.4060298
347,110473440.0,3.0,0.0057772654,0.0057772654,63.790694,659.33647,0.001403388,3.050966e-13,2.0,6.0654674e-05,0.60654674,2.0,0.0,2000.0,1.4057995
348,111856910.0,3.0,0.0057053939,0.0057053939,63.366975,656.96225,0.0014024236,3.0487213e-13,2.0,6.0232893e-05,0.60232893,2.0,0.0,2000.0,1.4055677
349,113257820.0,3.0,0.0056333847,0.0056333847,62.939542,654.58497,0.0014014477,3.0464648e-13,2.0,5.980611e-05,0.5980611,2.0,0.0,2000.0,1.4053341
350,114676650.0,3.0,0.0055629872,0.0055629872,62.457916,652.12019,0.0014004601,3.0442203e-13,2.0,5.9374185e-05,0.59374185,2.0,0.0,2000.0,1.4050794
351,116113460.0,3.0,0.0054631597,0.0054631597,62.019704,649.21032,0.0013994607,3.0416763e-13,2.0,5.8937154e-05,0.58937154,2.0,0.0,2000.0,1.4048232
352,117576540.0,3.0,0.0053754783,0.0053754783,61.575752,646.52806,0.0013984438,3.0390075e-13,2.0,5.8492523e-05,0.58492523,2.0,0.0,2000.0,1.4045689
353,119063510.0,3.0,0.0052947994,0.0052947994,61.123411,643.9693,0.0013974112,3.0363654e-13,2.0,5.8041026e-05,0.58041026,2.0,0.0,2000.0,1.4043169
354,120573150.0,3.0,0.0052210179,0.0052210179,60.616003,641.42797,0.0013963636,3.0337806e-13,2.0,5.7583033e-05,0.57583033,2.0,0.0,2000.0,1.4040477
355,122104150.0,3.0,0.0051228121,0.0051228121,60.150671,638.53423,0.0013953021,3.0310116e-13,2.0,5.7118986e-05,0.57118986,2.0,0.0,2000.0,1.4037807
356,123664520.0,3.0,0.0050372906,0.0050372906,59.678046,635.87677,0.0013942211,3.0279193e-13,2.0,5.6646519e-05,0.56646519,2.0,0.0,2000.0,1.4035156
357,125251400.0,3.0,0.0049583607,0.0049583607,59.196272,633.33669,0.0013931227,3.0246276e-13,2.0,5.6166547e-05,0.56166547,2.0,0.0,2000.0,1.4032523
358,126863560.0,3.0,0.0048876241,0.0048876241,58.704956,630.94319,0.0013920077,3.0213462e-13,2.0,5.5679457e-05,0.55679457,2.0,0.0,2000.0,1.4029906
359,128499080.0,3.0,0.004821986,0.004821986,58.207628,628.64553,0.0013908775,3.0180735e-13,2.0,5.5185846e-05,0.55185846,2.0,0.0,2000.0,1.40273
360,130156870.0,3.0,0.0047586545,0.0047586545,57.70193,626.38593,0.001389733,3.014794e-13,2.0,5.4686054e-05,0.54686054,2.0,0.0,2000.0,1.4024675
361,131836750.0,3.0,0.0046957254,0.0046957254,57.144474,624.03725,0.0013885742,3.0110954e-13,2.0,5.4180226e-05,0.54180226,2.0,0.0,2000.0,1.4021831
362,133539170.0,3.0,0.0046015566,0.0046015566,56.627334,621.21528,0.0013874009,3.0069956e-13,2.0,5.3668311e-05,0.53668311,2.0,0.0,2000.0,1.4018965
363,135276440.0,3.0,0.0045213718,0.0045213718,56.103793,618.65629,0.0013862047,3.0028747e-13,2.0,5.314663e-05,0.5314663,2.0,0.0,2000.0,1.4016113
364,137044550.0,3.0,0.0044500739,0.0044500739,55.523686,616.16192,0.0013849885,2.998868e-13,2.0,5.2616399e-05,0.52616399,2.0,0.0,2000.0,1.4013085
365,138841000.0,3.0,0.0043539485,0.0043539485,54.981797,613.31335,0.0013837538,2.9946614e-13,2.0,5.2078421e-05,0.52078421,2.0,0.0,2000.0,1.4010074
366,140677140.0,3.0,0.004278705,0.004278705,54.430787,610.84783,0.0013824932,2.9900158e-13,2.0,5.1529411e-05,0.51529411,2.0,0.0,2000.0,1.4007107
367,142545600.0,3.0,0.0042110496,0.0042110496,53.867978,608.51597,0.0013812116,2.9852565e-13,2.0,5.0971629e-05,0.50971629,2.0,0.0,2000.0,1.400415
368,144444100.0,3.0,0.0041525404,0.0041525404,53.294404,606.34635,0.0013799107,2.9805033e-13,2.0,5.040578e-05,0.5040578,2.0,0.0,2000.0,1.4001194
369,146369370.0,3.0,0.0041000763,0.0041000763,52.670128,604.20375,0.0013785928,2.9757301e-13,2.0,4.9832871e-05,0.49832871,2.0,0.0,2000.0,1.3998045
370,148319300.0,3.0,0.0040138085,0.0040138085,52.082561,601.55724,0.0013772594,2.9707623e-13,2.0,4.9253594e-05,0.49253594,2.0,0.0,2000.0,1.3994863
371,150311160.0,3.0,0.0039422436,0.0039422436,51.445548,599.10127,0.0013758988,2.9648318e-13,2.0,4.8663041e-05,0.48663041,2.0,0.0,2000.0,1.3991485
372,152339200.0,3.0,0.0038456468,0.0038456468,50.840179,596.29772,0.0013745149,2.9587485e-13,2.0,4.8062994e-05,0.48062994,2.0,0.0,2000.0,1.3988115
373,154418220.0,3.0,0.0037736814,0.0037736814,50.224695,593.93175,0.0013730978,2.9527212e-13,2.0,4.744912e-05,0.4744912,2.0,0.0,2000.0,1.3984784
374,156536900.0,3.0,0.0037198379,0.0037198379,49.55125,591.79597,0.0013716552,2.9466751e-13,2.0,4.6824812e-05,0.46824812,2.0,0.0,2000.0,1.3981293
375,158686280.0,3.0,0.0036363654,0.0036363654,48.908699,589.24017,0.0013701935,2.9399781e-13,2.0,4.6192898e-05,0.46192898,2.0,0.0,2000.0,1.3977796
376,160885030.0,3.0,0.0035739684,0.0035739684,48.217055,586.9821,0.0013686998,2.9324147e-13,2.0,4.5548136e-05,0.45548136,2.0,0.0,2000.0,1.3974127
377,163122190.0,3.0,0.0034825861,0.0034825861,47.553921,584.32474,0.0013671819,2.9246979e-13,2.0,4.4893835e-05,0.44893835,2.0,0.0,2000.0,1.3970455
378,165418070.0,3.0,0.0034166185,0.0034166185,46.879792,582.10155,0.001365626,2.9169895e-13,2.0,4.4224127e-05,0.44224127,2.0,0.0,2000.0,1.3966802
379,167758320.0,3.0,0.0033697221,0.0033697221,46.15009,580.12206,0.001364042,2.9092805e-13,2.0,4.3543284e-05,0.43543284,2.0,0.0,2000.0,1.3962979
380,170131160.0,3.0,0.0032928205,0.0032928205,45.409333,577.67809,0.001362438,2.898867e-13,2.0,4.2855429e-05,0.42855429,2.0,0.0,2000.0,1.3958952
381,172559440.0,3.0,0.0031991709,0.0031991709,44.701176,575.07405,0.0013607986,2.8877841e-13,2.0,4.2154194e-05,0.42154194,2.0,0.0,2000.0,1.3954943
382,175058830.0,3.0,0.0031334192,0.0031334192,43.979958,572.93009,0.0013591133,2.8766485e-13,2.0,4.1435206e-05,0.41435206,2.0,0.0,2000.0,1.395095
383,177610710.0,3.0,0.0030933783,0.0030933783,43.16287,571.06384,0.001357395,2.8655059e-13,2.0,4.0703964e-05,0.40703964,2.0,0.0,2000.0,1.3946582
384,180195640.0,3.0,0.0029853288,0.0029853288,42.411384,568.33361,0.0013556569,2.8522169e-13,2.0,3.9966685e-05,0.39966685,2.0,0.0,2000.0,1.3942229
385,182874160.0,3.0,0.002919586,0.002919586,41.653567,566.27103,0.0013538583,2.8363405e-13,2.0,3.9206967e-05,0.39206967,2.0,0.0,2000.0,1.393791
386,185613030.0,3.0,0.0028843139,0.0028843139,40.799873,564.54344,0.0013520218,2.8204542e-13,2.0,3.8434481e-05,0.38434481,2.0,0.0,2000.0,1.3933204
387,188385420.0,3.0,0.002777554,0.002777554,40.006952,561.95571,0.0013501656,2.8043485e-13,2.0,3.7657007e-05,0.37657007,2.0,0.0,2000.0,1.3928494
388,191264390.0,3.0,0.0027236138,0.0027236138,39.138311,560.04597,0.0013482409,2.7871576e-13,2.0,3.6854591e-05,0.36854591,2.0,0.0,2000.0,1.3923451
389,194200420.0,3.0,0.0026106943,0.0026106943,38.312478,557.47155,0.0013462811,2.7657602e-13,2.0,3.6042555e-05,0.36042555,2.0,0.0,2000.0,1.3918413
390,197263470.0,3.0,0.0025506104,0.0025506104,37.409261,555.55074,0.0013442398,2.7441595e-13,2.0,3.5202005e-05,0.35202005,2.0,0.0,2000.0,1.3913025
391,200398720.0,3.0,0.002449829,0.002449829,36.545361,553.23222,0.0013421538,2.7222813e-13,2.0,3.4348503e-05,0.34348503,2.0,0.0,2000.0,1.3907686
392,203662980.0,3.0,0.0024099745,0.0024099745,35.603546,551.62553,0.0013399856,2.6991006e-13,2.0,3.3467448e-05,0.33467448,2.0,0.0,2000.0,1.3901988
393,206981250.0,3.0,0.0023260748,0.0023260748,34.699467,549.59739,0.0013377855,2.6706976e-13,2.0,3.2581237e-05,0.32581237,2.0,0.0,2000.0,1.389631
394,210419240.0,3.0,0.0022961236,0.0022961236,33.729484,548.16391,0.00133551,2.642205e-13,2.0,3.1672849e-05,0.31672849,2.0,0.0,2000.0,1.3890257
395,213902110.0,3.0,0.0022197514,0.0022197514,32.800052,546.31435,0.0013332091,2.6138203e-13,2.0,3.0762489e-05,0.30762489,2.0,0.0,2000.0,1.3884212
396,217504840.0,3.0,0.0022001935,0.0022001935,31.811318,545.05084,0.0013308335,2.5829131e-13,2.0,2.9831936e-05,0.29831936,2.0,0.0,2000.0,1.3877775
397,221139630.0,3.0,0.002136187,0.002136187,30.860892,543.41834,0.0013284414,2.5476409e-13,2.0,2.8905923e-05,0.28905923,2.0,0.0,2000.0,1.3871338
398,224883340.0,3.0,0.0021219004,0.0021219004,29.856162,542.24931,0.0013259824,2.5125013e-13,2.0,2.7965313e-05,0.27965313,2.0,0.0,2000.0,1.386449
399,228652300.0,3.0,0.0020484809,0.0020484809,28.891193,540.61129,0.0013235118,2.4778603e-13,2.0,2.7031419e-05,0.27031419,2.0,0.0,2000.0,1.3857638
400,232556360.0,3.0,0.0020177156,0.0020177156,27.884452,539.3522,0.0013209578,2.4387898e-13,2.0,2.6079301e-05,0.26079301,2.0,0.0,2000.0,1.3850368
401,236519980.0,3.0,0.0019602955,0.0019602955,26.863223,537.88599,0.0013183703,2.3969358e-13,2.0,2.5129246e-05,0.25129246,2.0,0.0,2000.0,1.3842727
402,240599730.0,3.0,0.0018392146,0.0018392146,25.848683,535.98396,0.0013157126,2.3550407e-13,2.0,2.416845e-05,0.2416845,2.0,0.0,2000.0,1.3834725
403,244948090.0,3.0,0.0017481036,0.0017481036,24.781426,534.33179,0.0013128864,2.3120287e-13,2.0,2.3163096e-05,0.23163096,2.0,0.0,2000.0,1.382605
404,249523120.0,3.0,0.0016356374,0.0016356374,23.716361,532.58449,0.0013099198,2.2614106e-13,2.0,2.2128492e-05,0.22128492,2.0,0.0,2000.0,1.3817068
405,254412780.0,3.0,0.0016354458,0.0016354458,22.581863,531.51008,0.0013067572,2.2089981e-13,2.0,2.1048368e-05,0.21048368,2.0,0.0,2000.0,1.3807357
406,259303060.0,3.0,0.0016304165,0.0016304165,21.452484,530.31926,0.0013036024,2.1582753e-13,2.0,1.9992912e-05,0.19992912,2.0,0.0,2000.0,1.3797281
407,264208440.0,3.0,0.0015504456,0.0015504456,20.353889,528.64587,0.0013004461,2.105569e-13,2.0,1.896005e-05,0.1896005,2.0,0.0,2000.0,1.3786856
408,269366870.0,3.0,0.0014530989,0.0014530989,19.245064,526.77523,0.0012971359,2.0501184e-13,2.0,1.790251e-05,0.1790251,2.0,0.0,2000.0,1.3775735
409,274870930.0,3.0,0.0014070146,0.0014070146,18.112957,524.93443,0.0012936139,1.9936024e-13,2.0,1.6805221e-05,0.16805221,2.0,0.0,2000.0,1.3763893
410,280555310.0,3.0,0.0015223187,0.0015223187,16.951936,523.35501,0.0012899872,1.9361136e-13,2.0,1.570466e-05,0.1570466,2.0,0.0,2000.0,1.3751265
411,285809190.0,3.0,0.0016217407,0.0016217407,15.862046,521.27733,0.001286645,1.8823556e-13,2.0,1.4715692e-05,0.14715692,2.0,0.0,2000.0,1.3738616
412,290741020.0,3.0,0.0013618283,0.0013618283,14.937472,517.86785,0.0012835161,1.8335254e-13,2.0,1.3811429e-05,0.13811429,2.0,0.0,2000.0,1.372683
413,296166030.0,3.0,0.0014604789,0.0014604789,13.92014,514.75826,0.0012800838,1.7831717e-13,2.0,1.2844056e-05,0.12844056,2.0,0.0,2000.0,1.3713504
414,301642560.0,3.0,0.001553946,0.001553946,12.909227,510.71021,0.0012766289,1.7325251e-13,2.0,1.1895233e-05,0.11895233,2.0,0.0,2000.0,1.3699398
415,306789780.0,3.0,0.0015978794,0.0015978794,12.022241,506.10215,0.001273391,1.6862567e-13,2.0,1.1027281e-05,0.11027281,2.0,0.0,2000.0,1.3686054
416,311795570.0,3.0,0.0020958254,0.0020958254,11.157333,501.43443,0.0012702505,1.6434176e-13,2.0,1.020462e-05,0.1020462,2.0,0.0,2000.0,1.3672593
417,315612130.0,3.0,0.0026380071,0.0026380071,10.469542,496.8835,0.0012678617,1.6106589e-13,2.0,9.5899028e-06,0.095899028,2.0,0.0,2000.0,1.3661263
418,319810340.0,3.0,0.002319835,0.002319835,9.7689451,489.70273,0.0012652396,1.5769147e-13,2.0,8.9278804e-06,0.089278804,2.0,0.0,2000.0,1.3648435
419,324428370.0,3.0,0.0022335001,0.0022335001,9.0257576,481.25716,0.001262362,1.5410447e-13,2.0,8.2162207e-06,0.082162207,2.0,0.0,2000.0,1.3634128
420,329508210.0,3.0,0.0023344123,0.0023344123,8.206224,470.38766,0.0012592048,1.5029938e-13,2.0,7.4527243e-06,0.074527243,2.0,0.0,2000.0,1.3617445
421,335096030.0,3.0,0.0023432641,0.0023432641,7.3180722,455.98421,0.0012557418,1.4624314e-13,2.0,6.6355439e-06,0.066355439,2.0,0.0,2000.0,1.3597782
422,341242640.0,3.0,0.0021606259,0.0021606259,6.3932583,437.90164,0.0012519443,1.4206819e-13,2.0,5.762307e-06,0.05762307,2.0,0.0,2000.0,1.3575291
423,348003900.0,3.0,0.0023691444,0.0023691444,5.4405787,417.3133,0.0012477813,1.3769139e-13,2.0,4.8313392e-06,0.048313392,1.0,6761263.6,2000.0,1.3549781
424,355441290.0,3.0,0.0037511028,0.0037511028,4.3667718,391.557,0.0012432193,1.331181e-13,2.0,3.841288e-06,0.03841288,1.0,14198654.0,2000.0,1.3517736
425,363622420.0,3.0,0.0042974087,0.0042974087,3.2240061,357.74286,0.0012382219,1.2838578e-13,2.0,2.7909474e-06,0.027909474,1.0,22379783.0,2000.0,1.3476505
426,372621660.0,3.0,0.0043358366,0.0043358366,2.0270604,311.05147,0.0012327498,1.2334137e-13,2.0,1.6809686e-06,0.016809686,1.0,31379025.0,2000.0,1.3420446
427,382520830.0,3.0,0.0012267606,0.0012267606,0.0,182.72475,0.0012267606,1.6980911e-13,2.0,0.0,0.0,4.0,31379025.0,2000.0,1.3237901
428,392419990.0,3.0,0.0012208028,0.0012208028,0.0,182.72475,0.0012208028,0.0,2.0,0.0,0.0,4.0,31379025.0,1000.0,1.3229403
429,403309070.0,3.0,0.0012142853,0.0012142853,0.0,182.75888,0.0012142853,0.0,2.0,0.0,0.0,4.0,31379025.0,1000.0,1.3229403
430,415287070.0,3.0,0.0012071595,0.0012071595,0.0,182.79545,0.0012071595,0.0,2.0,0.0,0.0,4.0,31379025.0,1000.0,1.3229405
431,428462860.0,3.0,0.0011993733,0.0011993733,0.0,182.83457,0.0011993733,0.0,2.0,0.0,0.0,4.0,31379025.0,1000.0,1.3229407
432,442956220.0,3.0,0.0011908711,0.0011908711,0.0,182.87633,0.0011908711,0.0,2.0,0.0,0.0,4.0,31379025.0,1000.0,1.322941
433,458898930.0,3.0,0.001181594,0.001181594,0.0,182.92081,0.001181594,0.0,2.0,0.0,0.0,4.0,31379025.0,1000.0,1.3229413
434,476435910.0,3.0,0.0011714795,0.0011714795,0.0,182.97224,0.0011714795,0.0,2.0,0.0,0.0,4.0,31379025.0,1000.0,1.3229416
435,495726580.0,3.0,0.0011604617,0.0011604617,0.0,183.03102,0.0011604617,0.0,2.0,0.0,0.0,4.0,31379025.0,1000.0,1.3229419
436,516946320.0,3.0,0.0011484717,0.0011484717,0.0,183.09324,0.0011484717,0.0,2.0,0.0,0.0,4.0,31379025.0,1000.0,1.3229423
437,540288040.0,3.0,0.0011354376,0.0011354376,0.0,183.15897,0.0011354376,0.0,2.0,0.0,0.0,4.0,31379025.0,1000.0,1.3229427
438,565963930.0,3.0,0.0011212854,0.0011212854,0.0,183.23314,0.0011212854,0.0,2.0,0.0,0.0,4.0,31379025.0,1000.0,1.3229432
439,594207400.0,3.0,0.0011059389,0.0011059389,0.0,183.31662,0.0011059389,0.0,2.0,0.0,0.0,4.0,31379025.0,1000.0,1.3229436
440,625275230.0,3.0,0.0010893212,0.0010893212,0.0,183.40422,0.0010893212,0.0,2.0,0.0,0.0,4.0,31379025.0,1000.0,1.3229442
441,659449830.0,3.0,0.0010713549,0.0010713549,0.0,183.50278,0.0010713549,0.0,2.0,0.0,0.0,4.0,31379025.0,1000.0,1.3229448
442,697041900.0,3.0,0.0010519642,0.0010519642,0.0,183.61091,0.0010519642,0.0,2.0,0.0,0.0,4.0,31379025.0,1000.0,1.3229454
443,738393170.0,3.0,0.0010310757,0.0010310757,0.0,183.72768,0.0010310757,0.0,2.0,0.0,0.0,4.0,31379025.0,1000.0,1.3229462
444,783879570.0,3.0,0.0010086204,0.0010086204,0.0,183.8586,0.0010086204,0.0,2.0,0.0,0.0,4.0,31379025.0,1000.0,1.3229469
445,833914610.0,3.0,0.00098453599,0.00098453599,0.0,184.00128,0.00098453599,0.0,2.0,0.0,0.0,4.0,31379025.0,1000.0,1.3229478
446,888953160.0,3.0,0.00095876907,0.00095876907,0.0,184.15796,0.00095876907,0.0,2.0,0.0,0.0,4.0,31379025.0,1000.0,1.3229487
447,949495560.0,3.0,0.00093127807,0.00093127807,0.0,184.33282,0.00093127807,0.0,2.0,0.0,0.0,4.0,31379025.0,1000.0,1.3229498
448,1016092200.0,3.0,0.00090203641,0.00090203641,0.0,184.52249,0.00090203641,0.0,2.0,0.0,0.0,4.0,31379025.0,1000.0,1.3229509
449,1089348500.0,3.0,0.00087103599,0.00087103599,0.0,184.7305,0.00087103599,0.0,2.0,0.0,0.0,4.0,31379025.0,1000.0,1.3229522
450,1169930400.0,3.0,0.00083829094,0.00083829094,0.0,184.96115,0.00083829094,0.0,2.0,0.0,0.0,4.0,31379025.0,1000.0,1.3229536
451,1258570600.0,3.0,0.00080384157,0.00080384157,0.0,185.21509,0.00080384157,0.0,2.0,0.0,0.0,4.0,31379025.0,1000.0,1.3229551
452,1356074700.0,3.0,0.00076775838,0.00076775838,0.0,185.49611,0.00076775838,0.0,2.0,0.0,0.0,4.0,31379025.0,1000.0,1.3229568
453,1456074700.0,3.0,0.00073262373,0.00073262373,0.0,185.80534,0.00073262373,0.0,2.0,0.0,0.0,4.0,31379025.0,1000.0,1.3229586
454,1556074700.0,3.0,0.00069928636,0.00069928636,0.0,186.12296,0.00069928636,0.0,2.0,0.0,0.0,4.0,31379025.0,1000.0,1.3229607
455,1656074700.0,3.0,0.00066765206,0.00066765206,0.0,186.44258,0.00066765206,0.0,2.0,0.0,0.0,4.0,31379025.0,1000.0,1.3229628
456,1756074700.0,3.0,0.00063763163,0.00063763163,0.0,186.76475,0.00063763163,0.0,2.0,0.0,0.0,4.0,31379025.0,1000.0,1.3229649
457,1856074700.0,3.0,0.00060914053,0.00060914053,0.0,187.08728,0.00060914053,0.0,2.0,0.0,0.0,4.0,31379025.0,1000.0,1.322967
458,1956074700.0,3.0,0.0005820987,0.0005820987,0.0,187.41017,0.0005820987,0.0,2.0,0.0,0.0,4.0,31379025.0,1000.0,1.3229692
459,2056074700.0,3.0,0.0005564303,0.0005564303,0.0,187.73715,0.0005564303,0.0,2.0,0.0,0.0,4.0,31379025.0,1000.0,1.3229713
460,2156074700.0,3.0,0.00053206348,0.00053206348,0.0,188.06468,0.00053206348,0.0,2.0,0.0,0.0,4.0,31379025.0,1000.0,1.3229735
461,2256074700.0,3.0,0.00050893019,0.00050893019,0.0,188.39387,0.00050893019,0.0,2.0,0.0,0.0,4.0,31379025.0,1000.0,1.3229757
462,2356074700.0,3.0,0.00048696594,0.00048696594,0.0,188.72539,0.00048696594,0.0,2.0,0.0,0.0,4.0,31379025.0,1000.0,1.3229778
463,2456074700.0,3.0,0.00046610967,0.00046610967,0.0,189.0606,0.00046610967,0.0,2.0,0.0,0.0,4.0,31379025.0,1000.0,1.32298
464,2556074700.0,3.0,0.00044630351,0.00044630351,0.0,189.3984,0.00044630351,0.0,2.0,0.0,0.0,4.0,31379025.0,1000.0,1.3229823
465,2656074700.0,3.0,0.00042749265,0.00042749265,0.0,189.73887,0.00042749265,0.0,2.0,0.0,0.0,4.0,31379025.0,1000.0,1.3229845
466,2756074700.0,3.0,0.00040962517,0.00040962517,0.0,190.08334,0.00040962517,0.0,2.0,0.0,0.0,4.0,31379025.0,1000.0,1.3229868
467,2856074700.0,3.0,0.00039265188,0.00039265188,0.0,190.43069,0.00039265188,0.0,2.0,0.0,0.0,4.0,31379025.0,1000.0,1.322989
468,2956074700.0,3.0,0.00037652617,0.00037652617,0.0,190.78065,0.00037652617,0.0,2.0,0.0,0.0,4.0,31379025.0,1000.0,1.3229913
469,3056074700.0,3.0,0.00036120391,0.00036120391,0.0,191.13393,0.00036120391,0.0,2.0,0.0,0.0,4.0,31379025.0,1000.0,1.3229937
470,3156074700.0,3.0,0.00034664327,0.00034664327,0.0,191.49197,0.00034664327,0.0,2.0,0.0,0.0,4.0,31379025.0,1000.0,1.322996
471,3256074700.0,3.0,0.00033280463,0.00033280463,0.0,191.85394,0.00033280463,0.0,2.0,0.0,0.0,4.0,31379025.0,1000.0,1.3229984
472,3356074700.0,3.0,0.00031965044,0.00031965044,0.0,192.21778,0.00031965044,0.0,2.0,0.0,0.0,4.0,31379025.0,1000.0,1.3230008
473,3456074700.0,3.0,0.00030714516,0.00030714516,0.0,192.58717,0.00030714516,0.0,2.0,0.0,0.0,4.0,31379025.0,1000.0,1.3230032
474,3556074700.0,3.0,0.00029525508,0.00029525508,0.0,192.95941,0.00029525508,0.0,2.0,0.0,0.0,4.0,31379025.0,1000.0,1.3230056
475,3656074700.0,3.0,0.00028394829,0.00028394829,0.0,193.33546,0.00028394829,0.0,2.0,0.0,0.0,4.0,31379025.0,1000.0,1.3230081
476,3756074700.0,3.0,0.00027319455,0.00027319455,0.0,193.71459,0.00027319455,0.0,2.0,0.0,0.0,4.0,31379025.0,1000.0,1.3230106
477,3856074700.0,3.0,0.00026296521,0.00026296521,0.0,194.0984,0.00026296521,0.0,2.0,0.0,0.0,4.0,31379025.0,1000.0,1.3230131
478,3956074700.0,3.0,0.00025323312,0.00025323312,0.0,194.48599,0.00025323312,0.0,2.0,0.0,0.0,4.0,31379025.0,1000.0,1.3230156
479,4056074700.0,3.0,0.00024397256,0.00024397256,0.0,194.87736,0.00024397256,0.0,2.0,0.0,0.0,4.0,31379025.0,1000.0,1.3230182
480,4156074700.0,3.0,0.00023515916,0.00023515916,0.0,195.27337,0.00023515916,0.0,2.0,0.0,0.0,4.0,31379025.0,1000.0,1.3230208
481,4256074700.0,3.0,0.00022676984,0.00022676984,0.0,195.67329,0.00022676984,0.0,2.0,0.0,0.0,4.0,31379025.0,1000.0,1.3230234
482,4356074700.0,3.0,0.00021878273,0.00021878273,0.0,196.07707,0.00021878273,0.0,2.0,0.0,0.0,4.0,31379025.0,1000.0,1.3230261
483,4456074700.0,3.0,0.00021117708,0.00021117708,0.0,196.4837,0.00021117708,0.0,2.0,0.0,0.0,4.0,31379025.0,1000.0,1.3230288
484,4556074700.0,3.0,0.00020393328,0.00020393328,0.0,196.8957,0.00020393328,0.0,2.0,0.0,0.0,4.0,31379025.0,1000.0,1.3230314
485,4656074700.0,3.0,0.0001970327,0.0001970327,0.0,197.31092,0.0001970327,0.0,2.0,0.0,0.0,4.0,31379025.0,1000.0,1.3230342
486,4756074700.0,3.0,0.00019045771,0.00019045771,0.0,197.72836,0.00019045771,0.0,2.0,0.0,0.0,4.0,31379025.0,1000.0,1.3230369
487,4856074700.0,3.0,0.00018419161,0.00018419161,0.0,198.15146,0.00018419161,0.0,2.0,0.0,0.0,4.0,31379025.0,1000.0,1.3230397
488,4956074700.0,3.0,0.00017821856,0.00017821856,0.0,198.57873,0.00017821856,0.0,2.0,0.0,0.0,4.0,31379025.0,1000.0,1.3230425
489,5056074700.0,3.0,0.00017252356,0.00017252356,0.0,199.00971,0.00017252356,0.0,2.0,0.0,0.0,4.0,31379025.0,1000.0,1.3230453
490,5156074700.0,3.0,0.0001670924,0.0001670924,0.0,199.44451,0.0001670924,0.0,2.0,0.0,0.0,4.0,31379025.0,1000.0,1.3230482
491,5256074700.0,3.0,0.0001619116,0.0001619116,0.0,199.88436,0.0001619116,0.0,2.0,0.0,0.0,4.0,31379025.0,1000.0,1.3230511
492,5356074700.0,3.0,0.0001569684,0.0001569684,0.0,200.32912,0.0001569684,0.0,2.0,0.0,0.0,4.0,31379025.0,1000.0,1.323054
493,5456074700.0,3.0,0.00015225069,0.00015225069,0.0,200.77891,0.00015225069,0.0,2.0,0.0,0.0,4.0,31379025.0,1000.0,1.3230569
494,5556074700.0,3.0,0.00014774702,0.00014774702,0.0,201.23249,0.00014774702,0.0,2.0,0.0,0.0,4.0,31379025.0,1000.0,1.3230599
495,5656074700.0,3.0,0.00014344651,0.00014344651,0.0,201.69266,0.00014344651,0.0,2.0,0.0,0.0,4.0,31379025.0,1000.0,1.3230629
496,5756074700.0,3.0,0.00013933886,0.00013933886,0.0,202.1594,0.00013933886,0.0,2.0,0.0,0.0,4.0,31379025.0,1000.0,1.323066
497,5856074700.0,3.0,0.00013541432,0.00013541432,0.0,202.63145,0.00013541432,0.0,2.0,0.0,0.0,4.0,31379025.0,1000.0,1.323069
498,5956074700.0,3.0,0.00013166364,0.00013166364,0.0,203.10948,0.00013166364,0.0,2.0,0.0,0.0,4.0,31379025.0,1000.0,1.3230722
499,6056074700.0,3.0,0.00012807805,0.00012807805,0.0,203.59481,0.00012807805,0.0,2.0,0.0,0.0,4.0,31379025.0,1000.0,1.3230753
500,6156074700.0,3.0,0.00012464923,0.00012464923,0.0,204.08558,0.00012464923,0.0,2.0,0.0,0.0,4.0,31379025.0,1000.0,1.3230786
501,6256074700.0,3.0,0.00012136931,0.00012136931,0.0,204.58425,0.00012136931,0.0,2.0,0.0,0.0,4.0,31379025.0,1000.0,1.3230818
502,6356074700.0,3.0,0.00011823083,0.00011823083,0.0,205.09064,0.00011823083,0.0,2.0,0.0,0.0,4.0,31379025.0,1000.0,1.3230851
503,6456074700.0,3.0,0.0001152267,0.0001152267,0.0,205.60428,0.0001152267,0.0,2.0,0.0,0.0,4.0,31379025.0,1000.0,1.3230885
504,6556074700.0,3.0,0.00011235021,0.00011235021,0.0,206.12525,0.00011235021,0.0,2.0,0.0,0.0,4.0,31379025.0,1000.0,1.3230919
505,6656074700.0,3.0,0.00010959501,0.00010959501,0.0,206.65344,0.00010959501,0.0,2.0,0.0,0.0,4.0,31379025.0,1000.0,1.3230953
506,6756074700.0,3.0,0.00010695507,0.00010695507,0.0,207.18939,0.00010695507,0.0,2.0,0.0,0.0,4.0,31379025.0,1000.0,1.3230988
507,6856074700.0,3.0,0.00010442467,0.00010442467,0.0,207.73008,0.00010442467,0.0,2.0,0.0,0.0,4.0,31379025.0,1000.0,1.3231024
508,6956074700.0,3.0,0.00010199839,0.00010199839,0.0,208.27774,0.00010199839,0.0,2.0,0.0,0.0,4.0,31379025.0,1000.0,1.323106
509,7056074700.0,3.0,9.967109e-05,9.967109e-05,0.0,208.83253,9.967109e-05,0.0,2.0,0.0,0.0,4.0,31379025.0,1000.0,1.3231096
510,7156074700.0,3.0,9.74379e-05,9.74379e-05,0.0,209.39333,9.74379e-05,0.0,2.0,0.0,0.0,4.0,31379025.0,1000.0,1.3231133
511,7256074700.0,3.0,9.5294201e-05,9.5294201e-05,0.0,209.95814,9.5294201e-05,0.0,2.0,0.0,0.0,4.0,31379025.0,1000.0,1.323117
512,7356074700.0,3.0,9.3235611e-05,9.3235611e-05,0.0,210.52807,9.3235611e-05,0.0,2.0,0.0,0.0,4.0,31379025.0,1000.0,1.3231207
513,7456074700.0,3.0,9.1257979e-05,9.1257979e-05,0.0,211.10236,9.1257979e-05,0.0,2.0,0.0,0.0,4.0,31379025.0,1000.0,1.3231245
514,7556074700.0,3.0,8.9357363e-05,8.9357363e-05,0.0,211.6799,8.9357363e-05,0.0,2.0,0.0,0.0,4.0,31379025.0,1000.0,1.3231283
515,7656074700.0,3.0,8.7530029e-05,8.7530029e-05,0.0,212.257,8.7530029e-05,0.0,2.0,0.0,0.0,4.0,31379025.0,1000.0,1.3231321
516,7756074700.0,3.0,8.5772433e-05,8.5772433e-05,0.0,212.83564,8.5772433e-05,0.0,2.0,0.0,0.0,4.0,31379025.0,1000.0,1.3231359
517,7856074700.0,3.0,8.4081215e-05,8.4081215e-05,0.0,213.41278,8.4081215e-05,0.0,2.0,0.0,0.0,4.0,31379025.0,1000.0,1.3231398
518,7956074700.0,3.0,8.2453189e-05,8.2453189e-05,0.0,213.98834,8.2453189e-05,0.0,2.0,0.0,0.0,4.0,31379025.0,1000.0,1.3231436
519,8056074700.0,3.0,8.0885329e-05,8.0885329e-05,0.0,214.56615,8.0885329e-05,0.0,2.0,0.0,0.0,4.0,31379025.0,1000.0,1.3231474
520,8156074700.0,3.0,7.9374769e-05,7.9374769e-05,0.0,215.15852,7.9374769e-05,0.0,2.0,0.0,0.0,4.0,31379025.0,1000.0,1.3231512
521,8256074700.0,3.0,7.7918787e-05,7.7918787e-05,0.0,215.75959,7.7918787e-05,0.0,2.0,0.0,0.0,4.0,31379025.0,1000.0,1.3231552
522,8356074700.0,3.0,7.6514803e-05,7.6514803e-05,0.0,216.37692,7.6514803e-05,0.0,2.0,0.0,0.0,4.0,31379025.0,1000.0,1.3231591
523,8456074700.0,3.0,7.5160366e-05,7.5160366e-05,0.0,217.02272,7.5160366e-05,0.0,2.0,0.0,0.0,4.0,31379025.0,1000.0,1.3231632
524,8556074700.0,3.0,7.3853154e-05,7.3853154e-05,0.0,217.7007,7.3853154e-05,0.0,2.0,0.0,0.0,4.0,31379025.0,1000.0,1.3231675
525,8656074700.0,3.0,7.2590961e-05,7.2590961e-05,0.0,218.4096,7.2590961e-05,0.0,2.0,0.0,0.0,4.0,31379025.0,1000.0,1.323172
526,8756074700.0,3.0,7.1371694e-05,7.1371694e-05,0.0,219.14928,7.1371694e-05,0.0,2.0,0.0,0.0,4.0,31379025.0,1000.0,1.3231767
527,8856074700.0,3.0,7.0193367e-05,7.0193367e-05,0.0,219.91453,7.0193367e-05,0.0,2.0,0.0,0.0,4.0,31379025.0,1000.0,1.3231816
528,8956074700.0,3.0,6.9054095e-05,6.9054095e-05,0.0,220.70649,6.9054095e-05,0.0,2.0,0.0,0.0,4.0,31379025.0,1000.0,1.3231867
529,9056074700.0,3.0,6.7952089e-05,6.7952089e-05,0.0,221.51931,6.7952089e-05,0.0,2.0,0.0,0.0,4.0,31379025.0,1000.0,1.3231919
530,9156074700.0,3.0,6.688565e-05,6.688565e-05,0.0,222.3557,6.688565e-05,0.0,2.0,0.0,0.0,4.0,31379025.0,1000.0,1.3231973
531,9256074700.0,3.0,6.5853166e-05,6.5853166e-05,0.0,223.21889,6.5853166e-05,0.0,2.0,0.0,0.0,4.0,31379025.0,1000.0,1.3232028
532,9356074700.0,3.0,6.4853105e-05,6.4853105e-05,0.0,224.10316,6.4853105e-05,0.0,2.0,0.0,0.0,4.0,31379025.0,1000.0,1.3232086
533,9456074700.0,3.0,6.3884015e-05,6.3884015e-05,0.0,225.00519,6.3884015e-05,0.0,2.0,0.0,0.0,4.0,31379025.0,1000.0,1.3232144
534,9556074700.0,3.0,6.2944513e-05,6.2944513e-05,0.0,225.92538,6.2944513e-05,0.0,2.0,0.0,0.0,4.0,31379025.0,1000.0,1.3232204
535,9656074700.0,3.0,6.2033291e-05,6.2033291e-05,0.0,226.87219,6.2033291e-05,0.0,2.0,0.0,0.0,4.0,31379025.0,1000.0,1.3232265
536,9756074700.0,3.0,6.1149101e-05,6.1149101e-05,0.0,227.847,6.1149101e-05,0.0,2.0,0.0,0.0,4.0,31379025.0,1000.0,1.3232328
537,9856074700.0,3.0,6.0290761e-05,6.0290761e-05,0.0,228.84464,6.0290761e-05,0.0,2.0,0.0,0.0,4.0,31379025.0,1000.0,1.3232392
538,9956074700.0,3.0,5.9457147e-05,5.9457147e-05,0.0,229.87642,5.9457147e-05,0.0,2.0,0.0,0.0,4.0,31379025.0,1000.0,1.3232458
539,10056075000.0,3.0,5.8647192e-05,5.8647192e-05,0.0,230.93622,5.8647192e-05,0.0,2.0,0.0,0.0,4.0,31379025.0,1000.0,1.3232527
